"Date","Brent","WTI","NYMEX"
2018-01-03,0.0188979658710355,0.0206564721658165,0.0255124221416345
2018-01-04,0.00338459597621288,0.00614689738763552,-0.000646099198699623
2018-01-05,-0.0066327901801202,-0.00923457352237023,-0.00485909605231782
2018-01-08,0.00236336889916533,0.00470894756638796,0.00502065999159829
2018-01-09,0.0152272341904292,0.0197295677033429,0.0252047159676581
2018-01-10,0.00550646225428952,0.00964205683917019,0.000315010240437452
2018-01-11,0.000866676350652185,0.00361152940242615,0.000787091736817125
2018-01-12,0.00876883359008307,0.00780644089283022,0.0132866354748451
2018-01-16,-0.0103583144535921,-0.00890422191737095,-0.0081073097634965
2018-01-17,0.00332058343083652,0.00375881413584267,0.00328202216932372
2018-01-18,-0.0010094456117109,-0.000312695437194144,-0.00578986047428742
2018-01-19,-0.0101508992270931,-0.00911096468942585,-0.00235682409353011
2018-01-22,0.0061028960125844,0.00189184984693291,0.00141476090562875
2018-01-23,0.013382457435017,0.0153175861401698,0.012643577468582
2018-01-24,0.00811450106968703,0.017528124034258,0.021634905986911
2018-01-25,-0.00156083749318192,-0.00152532061300104,-0.00976212755662687
2018-01-26,0.00141904380276348,0.00957090480986089,0.0152117323241914
2018-01-29,-0.0151453102137422,-0.00880795367801745,-0.0109290705321898
2018-01-30,-0.00635472964607064,-0.0163005300739023,-0.0236286183934453
2018-01-31,0.000434562185444243,0.00355954875569253,0.0121157120434567
2018-02-01,0.00865182037051326,0.0163950657738523,0.0185091326056099
2018-02-02,-0.0154817531910405,-0.00533334597536239,-0.0140417447552297
2018-02-05,-0.0140971497550337,-0.0200624012942638,-0.0253729853994002
2018-02-06,-0.0113029162877876,-0.0119179707655706,0.00769536581221342
2018-02-07,-0.0203980782481672,-0.0255645812231862,-0.0348622650522143
2018-02-08,-0.0107428903041606,-0.0104116769397073,-0.0214498604472784
2018-02-09,-0.0316640873136071,-0.0324083202432206,-0.0229356333151554
2018-02-12,-0.00319030418940791,0.00151911582931596,0.00557292669224285
2018-02-13,0.00207485510554228,-0.00168804901664288,-0.00726784235223388
2018-02-14,0.0258119460820305,0.0235422843726356,0.0299128326342233
2018-02-15,-0.000466236701273992,0.0121372656108365,0.0111330553950735
2018-02-16,0.00789661144456666,0.0055275705689688,0.00308868001380258
2018-02-20,0.00630334933532772,0.00178180981781395,0.00259361468132902
2018-02-21,0.00260197590743516,-0.00178180981781395,-0.00698565102170257
2018-02-22,0.01471842062083,0.0175175230743658,0.0211315226559714
2018-02-23,0.0137623712915538,0.0123497453060226,0.0145779796062406
2018-02-26,0.00281878385586243,0.00564884602672766,0.00674142241135378
2018-02-27,-0.0129726713040386,-0.0141823997082264,-0.0182912699722513
2018-02-28,-0.0128390858135345,-0.0219824335020489,-0.0207419607569577
2018-03-01,-0.0300925414929454,-0.0106010941435501,-0.00341769394435687
2018-03-02,0.00842438679655899,0.00425393311647149,0.00179167732593832
2018-03-05,0.0180129572061443,0.0213220805854357,0.0187011737451748
2018-03-06,0.00380720782723731,0.000479348095780097,-0.00400096556764318
2018-03-07,-0.0222863292870263,-0.0234354159728714,-0.0163288730326547
2018-03-08,-0.0114108311201671,-0.0169872972484075,-0.0169314474572202
2018-03-09,0.0291267685392489,0.0314367734235645,0.0294042745807852
2018-03-12,-0.00827971611335343,-0.0110211812493377,-0.0119839490888953
2018-03-13,-0.00478432890376812,-0.0106497279166575,-0.00867222975805415
2018-03-14,0.00386011442023726,0.00410948223604812,0.00131384482686681
2018-03-15,0.00353819306120773,0.00376586609605845,0.00425811321404623
2018-03-16,0.0165997872424697,0.0186194968647415,0.0171747578703672
2018-03-19,-0.00241947796842101,-0.00450161531895699,-0.00144682928542483
2018-03-20,0.0205296788375806,0.0213622024229458,0.0200675630508096
2018-03-21,0.029953294898875,0.027535378901109,0.0321181901197605
2018-03-22,-0.00809369933567261,-0.0134396091007147,-0.0197384974240045
2018-03-23,0.0221019329755725,0.0242752740658654,0.0235486064301158
2018-03-26,-0.004695178291656,-0.00502169509973083,-0.00381010900611134
2018-03-27,-0.000142622834157002,-0.00458716400690573,-0.0126000437714602
2018-03-28,-0.0083071231079499,-0.0134230203321408,0
2018-03-29,0.0105866510931794,0.00866074080403756,0.00370427958687536
2018-04-02,-0.0381454411737261,-0.0301703227207355,-0.0322507600091209
2018-04-03,0.00707133176410757,0.00790392986091959,0.0113907259120616
2018-04-04,-0.00146907621543768,-0.00220681047945792,-0.000157319279802337
2018-04-05,0.00454712921363765,0.00267906550594432,0.00267106765768776
2018-04-06,-0.0180158446225391,-0.0235679698211362,-0.0286506943762337
2018-04-09,0.0226880680438324,0.0216776100899674,0.0217226238372445
2018-04-10,0.0342219664699339,0.0324235336335841,0.0355434326292885
2018-04-11,0.0142560066360327,0.0197996341848246,0.017533701906725
2018-04-12,-0.000555247099217837,0.00373441318303591,0.00627335888611213
2018-04-13,0.00774554356419532,0.00475978884647965,0.00341880674878592
2018-04-16,-0.0161114596186218,-0.017514106839025,-0.015703605439219
2018-04-17,0.00223776317157665,0.00452012220562636,0.00496204311106219
2018-04-18,0.0261975550090456,0.0288930388082447,0.0307216599167122
2018-04-19,0.00407443182160439,-0.00263235015997321,-0.00876557840413916
2018-04-20,0.00378788331693691,0.00160948165550678,0.00161278533601905
2018-04-23,0.00873837650224374,0.00350263055120159,0.00962246818116785
2018-04-24,-0.0114425425632927,-0.0137892752614777,-0.0175648543947942
2018-04-25,0.00189368377975274,0.00515654917924557,0.00427319592261277
2018-04-26,0.00995033085316788,0.00205519743508642,0.00220312933351341
2018-04-27,-0.00133886751824974,-0.00132071337709405,-0.00279145116251378
2018-04-30,0.00707565865028936,0.00687790814080635,0.00878868993772652
2018-05-01,-0.0275135359065182,-0.0194381028143251,-0.0157275234177892
2018-05-02,0.00314014866534951,0.0100607447212626,0.002663117419484
2018-05-03,0.00353790000266585,0.00733356176119582,0.0118970339118452
2018-05-04,0.0168365482917192,0.0186758956874131,0.0188029838192474
2018-05-07,0.0172144081421024,0.014382590396079,0.00300450902029858
2018-05-08,-0.017481573519059,-0.0238941190860524,0.000571265368291662
2018-05-09,0.031042871455087,0.0296740745584625,0.0172686527600394
2018-05-10,0.00336178232308626,0.00308772175144512,0.00196270916784869
2018-05-11,-0.00452811434152078,-0.0092919153692268,-0.0125433256145895
2018-05-14,0.014290555394699,0.00367076509879638,0.00931683758023016
2018-05-15,0.00255330152758582,0.00492023203888881,-0.00239150426986434
2018-05-16,0.0107793827971578,0.00252100973854752,0.007576856789556
2018-05-17,0.000252238619069978,0,0.000698665577222535
2018-05-18,-0.0100121234306387,-0.00294179661620575,-0.00335805548524881
2018-05-21,0.0090027869836069,0.0133781259461756,0.0169542693672007
2018-05-22,0.00440834519567268,-0.00152386259314863,-0.00663627487355889
2018-05-23,0.00288636706631973,-0.00402862252163683,-0.00361312232977706
2018-05-24,-0.0127374191981664,-0.0158544183777947,-0.016281061383947
2018-05-25,-0.0302799658855246,-0.0408455652501241,-0.0458935568242786
2018-05-28,-0.0150259845662246,-0.0202387860412987,-0.015376879824994
2018-05-29,0.00119450541776267,0.00315197259078825,0.00599971801239718
2018-05-30,0.0276032961356911,0.0219365547511128,0.0201339147614448
2018-05-31,0.00116061654655653,-0.0173017254927998,-0.016700306849696
2018-06-01,-0.0103641295634054,-0.0185176537058007,-0.0209329230678597
2018-06-04,-0.0197270994804217,-0.0162381018883799,-0.0127117111026189
2018-06-05,0.00119466397695867,0.0118217389651667,0.00996864324424784
2018-06-06,-0.000265357570881974,-0.0121306669873951,-0.00796694883502802
2018-06-07,0.0256760240720224,0.0186721066059041,0.0143557749469458
2018-06-08,-0.0111849260718628,-0.00318931092725006,-0.00593112528769435
2018-06-11,0,0.0054611786215677,0.00774903216616529
2018-06-12,-0.00761458320145358,0.0039257184646031,-0.000454166989866778
2018-06-13,0.0112699397519931,0.00421053253634351,0.00874421371360601
2018-06-14,-0.0104795300151501,0.00374448127172933,0.00568778662543235
2018-06-15,-0.0334748084914214,-0.027739558085111,-0.0398895935203036
2018-06-18,0.0255424559516602,0.0120695071440844,0.0222726356091236
2018-06-19,-0.00345699054558679,-0.0119158146823972,-0.0117657404345799
2018-06-20,-0.00453878766097038,0.0175189186122076,0.012980254019423
2018-06-21,-0.0228712858606297,-0.0103218888484315,-0.00167033673335748
2018-06-22,0.0336505505220401,0.0453403037641049,0.0515364259229081
2018-06-25,-0.0109130707765495,-0.00731746276965506,-0.0158583377216184
2018-06-26,0.0209223733593431,0.0353546669549694,0.0358647209189344
2018-06-27,0.0170211346392177,0.0311282024298336,0.0226614817132234
2018-06-28,0.00295877233924724,0.00943854896996488,0.0134635912011563
2018-06-29,0.0202181214569102,0.00948516596405469,0.0136886327978401
2018-07-02,-0.0273080641435408,-0.00283611507545523,-0.00310077767824879
2018-07-03,0.00593320455880697,0.00270124421409967,0.00296616099903879
2018-07-04,0.00615386557437869,0.00255944101461658,0.000672902252697227
2018-07-05,-0.0109234524441941,-0.0188774533566685,-0.0164127115913075
2018-07-06,-0.00362459943749904,0.0117215462258926,0.0108815001875335
2018-07-09,0.0123728862873307,0.000677277370962237,0.00121679187594648
2018-07-10,0.0100682683172817,0.00351446698587843,0.00269869277266732
2018-07-11,-0.0717501928290112,-0.0516413440698278,-0.0497271344537866
2018-07-12,0.0142038235095479,-0.00071068157351295,-0.00368899396785771
2018-07-13,0.0117507027075856,0.00962226187407555,0.00326403468672609
2018-07-16,-0.0474370378436593,-0.0424310431212422,-0.037239113071017
2018-07-17,0.00444445176042407,0.000293815192359048,-0.00575180407352072
2018-07-18,0.0102027632602439,0.00993869624953003,0.0200607064061087
2018-07-19,-0.00439923722968771,0.0101288668012787,0.00664646284339998
2018-07-20,0.00672848401820136,-0.0174271038373668,0.0124509658589753
2018-07-23,-0.000136864435989814,-0.00543519516500535,-0.0363518412647208
2018-07-24,0.00518772494509889,0.00923692514236407,0.0140599855682995
2018-07-25,0.00664995325677342,0.0113192327399378,0.00738973151986499
2018-07-26,0.00821719448210434,0.00446332898471802,0.00389021454520133
2018-07-27,-0.00335954088739765,-0.0133046069547849,-0.0072160798045422
2018-07-30,0.0091116803512552,0.0207470343230289,0.0150940837370603
2018-07-31,-0.00965025583216139,-0.0197284820341705,-0.0241149509627743
2018-08-01,-0.0253696093777593,-0.0161270171620869,-0.008365793268581
2018-08-02,0.014536734314837,0.0190314630028752,0.0166621802771392
2018-08-03,-0.00327287896133566,-0.00683887714562381,-0.00450353052874242
2018-08-06,0.00734897156137837,0.00756367242269729,0.00319814199033797
2018-08-07,0.0121295287652696,0.00231582097998295,0.00275382448109074
2018-08-08,-0.0322630582611714,-0.0327705468293127,-0.034006367985195
2018-08-09,-0.00290959678767777,-0.00194392584579539,-0.00119868159393022
2018-08-10,0.0102154394702696,0.0121989016494632,0.0156195068382319
2018-08-13,-0.00275065501446381,-0.00637842405774514,-0.0050310848944628
2018-08-14,-0.00206796792522468,-0.00238379135527556,-0.0116384482909018
2018-08-15,-0.0237408161753461,-0.0307483519574507,-0.0263073028644012
2018-08-16,0.0094240798752967,0.00689816485665684,0.00859164536298973
2018-08-17,0.00558426691982827,0.00685090599159466,0.00700261652818224
2018-08-20,0.00527632437638026,0.00785858661252092,0.010262691945127
2018-08-21,0.00579951915498622,0.0137541411792235,0.0107527917762615
2018-08-22,0.029172409930891,0.00754385649971123,0.0116666759306217
2018-08-23,-0.000668851606768328,-0.000442184398096401,-0.00382465897234852
2018-08-24,0.0144804921459896,0.0130357027180121,0.00982628717504141
2018-08-27,0.00513057758983759,0.00218039188060715,0.00582073820380913
2018-08-28,-0.00341745863624432,-0.0049490639588754,-0.00567480606199666
2018-08-29,0.0155467237383,0.0141990215146626,0.0169287121687463
2018-08-30,0.0081337999267701,0.010589681101461,0.00500895501653797
2018-08-31,-0.00451060755735,-0.006426298445529,-0.00242978751716016
2018-09-04,0.0096407970827368,0.00100236279603294,-0.0073249878686461
2018-09-05,-0.011580160286746,-0.0165960948883592,-0.0105790422175032
2018-09-06,-0.0100150411130029,-0.0139206585279785,-0.0109867068661513
2018-09-07,0.00430444804705399,-0.000295159388211452,-0.00044198895747094
2018-09-10,0.00700391968181968,-0.00310444480238825,-0.00487481576933391
2018-09-11,0.0216079493071764,0.0250031301100258,0.0346367569371431
2018-09-12,0.00856428408466936,0.0160438909110097,0.0055630982927255
2018-09-13,-0.0197574815884005,-0.0256202844672275,-0.0214227156022302
2018-09-14,-0.00115185269022522,0.00581481504678738,0.00246752429430597
2018-09-17,-0.000512360713142535,-0.00116026118890034,-0.00319442699404604
2018-09-18,0.0124778802554433,0.0135487803338536,0.0142952401868257
2018-09-19,0.00467084103620596,0.0180185055026785,0.0239405158667694
2018-09-20,-0.00885521282973301,-0.0113123378287279,-0.00942275448055074
2018-09-21,0.00126984144047615,0.00652022154039589,-0.00084817647154356
2018-09-24,0.0300022503037987,0.018200138382765,0.0218220996787402
2018-09-25,0.00821737622072494,0.00277085242394559,-0.00263249199480775
2018-09-26,-0.00649472290927822,-0.00987147397352128,-0.000555092992327033
2018-09-27,0.00466086947034228,0.00765540658461017,0.00208001184331419
2018-09-28,0.0121626408106978,0.0155468495620603,0.0186639148963774
2018-10-01,0.0269545239265465,0.0276018869086707,0.0257697792493303
2018-10-02,-0.00212039188880819,-0.000930047233717701,-0.00571392159880801
2018-10-03,0.0174181737223593,0.0155634900873451,0.0156025907477453
2018-10-04,-0.0200158844758738,-0.0275989389222726,-0.0210813243024184
2018-10-05,-0.00497808305494285,0.000134526131903456,-0.00456621797958068
2018-10-08,-0.00297495310742146,-0.000672811705390686,-0.000942697531264081
2018-10-09,0.0129064606083382,0.00897828476645124,0.00604474941515942
2018-10-10,-0.0227268988134268,-0.0241691370342281,-0.0277003454295341
2018-10-11,-0.0346529928381187,-0.0305282483590466,-0.022839037566782
2018-10-12,0.0021158760772062,0.00519992739385344,0.00729827800901006
2018-10-15,0.00434216921928954,0.00614870578871596,0.00293234867662751
2018-10-16,0.00776870545061925,0.00194850444390404,0.00625479834724985
2018-10-17,-0.016846676143162,-0.0306369694618907,-0.0298151743011656
2018-10-18,-0.00953942215841685,-0.015896288487494,-0.0201881405690356
2018-10-19,0.0061608291929538,0.00682299228181993,0.0104333651832293
2018-10-22,0.000626527180446423,0.000723118116693122,-0.00173135232976218
2018-10-23,-0.0433932542856352,-0.0404184809353438,-0.0467056955850866
2018-10-24,-0.00353843498737572,0.00585367525146019,0.00452899324870693
2018-10-25,0.00940814465939255,0.00760346562857972,0.00869831519089104
2018-10-26,0.00944929689667084,0.00385414055507294,0.00965903935778112
2018-10-29,-0.00361383976160923,-0.00817058693843453,-0.0138487806355254
2018-10-30,-0.0186628581504742,-0.0129111536803617,-0.00511125586599803
2018-10-31,-0.00581320173189948,-0.0132331385789008,-0.022712659899045
2018-11-01,-0.0347837709026555,-0.0251175995312911,-0.0205614720378016
2018-11-02,-0.000823497164297748,-0.0086730812534288,-0.0107595974719485
2018-11-05,0.00465754266611462,-0.000633713582677942,-0.00270808608354489
2018-11-06,-0.0143154543803572,-0.0142050110202394,-0.0147841355780685
2018-11-07,-0.000832177579231264,-0.00871816952352678,-0.00291829000885624
2018-11-08,-0.0198997598058135,-0.0163482470491951,-0.0134032735516882
2018-11-09,-0.00667473897546689,-0.00794311639452694,-0.014920701210003
2018-11-12,-0.0008553101020361,-0.0043290110895855,-0.0170138021319337
2018-11-13,-0.0686160376000338,-0.0733766168685168,-0.0627505633459124
2018-11-14,0.00987925049982419,0.0100054434829522,0.012940511275735
2018-11-15,0.00753355981270953,0.00372638174081352,0.00995033085316788
2018-11-16,0.00209926602810118,0,0.00476233372071277
2018-11-19,0.00044926994391048,0.00529942946649875,0.00596492996684983
2018-11-20,-0.0659069271583386,-0.0604594663221616,-0.0685931412995018
2018-11-21,0.0150784540790019,0.0222107964379465,0.0231470384312482
2018-11-23,-0.0765830407536274,-0.0801952606478529,-0.0807904397151198
2018-11-26,0.0281708769666968,0.0237149771317839,0.0237289297950105
2018-11-27,-0.00447428039492159,-0.00135672082057114,0.00945131926958309
2018-11-28,-0.0243771001706801,-0.0249399278871132,-0.034769127253873
2018-11-29,0.0126830143510848,0.0228042120961853,0.0187068564326975
2018-11-30,-0.0135342955806665,-0.0101583213835452,-0.0105904108069543
2018-12-03,0.0495117731454533,0.0388959311509023,0.045479899335036
2018-12-04,0.00630203265341578,0.00564973254211898,-0.00889399372129063
2018-12-05,-0.00841156690428502,-0.00678351951164613,0.00587512350403907
2018-12-06,-0.0246682464154944,-0.0268266710198386,-0.023130152838625
2018-12-07,0.0264535264482175,0.021518601684666,0.00808941237188465
2018-12-10,-0.0279531518229827,-0.0310805830183902,-0.0238776752235377
2018-12-11,0.00382791513435699,0.012664562841322,0.0206112682459216
2018-12-12,-0.000830909894087739,-0.00972770316801208,-0.0147346597569364
2018-12-13,0.021382393591356,0.0275733269040996,0.0317181802707847
2018-12-14,-0.0192234622537493,-0.0265962872562731,-0.0311324143651359
2018-12-17,-0.0111770285264594,-0.0261194112336263,-0.0412450132532771
2018-12-18,-0.0578395421701243,-0.0757748964477138,-0.068397326436703
2018-12-19,0.0172691516265395,0.0205486682273874,0.0436843718981828
2018-12-20,-0.0518083411210322,-0.0283646003303395,-0.0369547253130791
2018-12-21,-0.00979946826845879,-0.00634089803581972,-0.017460068168822
2018-12-24,-0.0642660449465886,-0.0694786849598081,-0.06222211024386
2018-12-26,0.0762709910434123,0.0832028955806923,0.0880846839510969
2018-12-27,-0.0433341737771857,-0.0354545557060613,-0.0260827652747899
2018-12-28,0.00076657727019569,0.0160110158125848,-0.00640673792005586
2018-12-31,0.0301909722791454,0.00176328015710148,0.0151768007088471
2019-01-02,0.0204220141230422,0.0245798127642862,0.0110714253660893
2019-01-03,0.0187629534671538,0.0117485063813176,0.0109501899307105
2019-01-04,0.0196449110274193,0.0183066659038502,0.0311145553708649
2019-01-07,0.0047207011349375,0.0116087539165357,0.0094767911556457
2019-01-08,0.023956337385969,0.0256372128635967,0.0206987909321303
2019-01-09,0.0452807045331562,0.0505296441022534,0.046501756964306
2019-01-10,0.00389864041565779,0.00438304655955379,0.00306278953054573
2019-01-11,-0.0196469973837967,-0.0191981323446946,-0.0119209256345596
2019-01-14,-0.0249447938562941,-0.0211565187765972,-0.0179552052378513
2019-01-15,0.0275868033191324,0.0311855324411621,0.0235488161190922
2019-01-16,0.0111513126694973,0.00383068846139656,0.00632731475331871
2019-01-17,-0.00228571528085642,-0.00459859020771214,-0.00210465972648244
2019-01-18,0.024541108916118,0.0326844999929308,0.0292556487924331
2019-01-22,-0.0193242728264025,-0.023127852336382,-0.0185868487973173
2019-01-23,-0.00587085834978396,0.000950660780790091,-0.00703625609058012
2019-01-24,-0.000818129801013256,0.00964546485070539,0.014775794487877
2019-01-25,0.00896282379023994,0.0104850239716261,0.00693341107888434
2019-01-28,-0.0281337959818213,-0.0321753720388536,-0.0276428051366575
2019-01-29,0.0229288395335194,0.0250725384390451,0.0218370017698106
2019-01-30,0.00536717560673949,0.0171103300182995,0.0182398505436083
2019-01-31,0.00388538614091694,-0.00814668456781797,-0.00369549570604955
2019-02-01,0.0137999622606237,0.0269617432101192,0.0246835824704061
2019-02-04,-0.00383203406817234,-0.0127483059600637,-0.00961807614076182
2019-02-05,-0.00851479158411905,-0.0166331685377288,-0.0206344830390774
2019-02-06,0.0113901929262745,0.00650136960732173,0.00334510625991458
2019-02-07,-0.0170531803117253,-0.025692927587738,-0.0242242621722353
2019-02-08,0.00759722396528151,0.00151860317718988,0.00189897512439963
2019-02-11,-0.00954622571915564,-0.00589747738017676,-0.00494485602480932
2019-02-12,0.0146859736223561,0.0130795154338186,0.016826183911562
2019-02-13,0.0188849538480795,0.0149535496670579,0.0113711729502755
2019-02-14,0.0149792159476627,0.00941748258288255,0.00959239969143955
2019-02-15,0.0256855582279556,0.021455368467544,0.0239445504618536
2019-02-19,0.00301432029292314,0.00895421455486822,0.00536290166280917
2019-02-20,0.00943615179575374,0.0146892297014052,0.0143377976120389
2019-02-21,-0.000149086843362234,0.000702493882069,-0.00105503790338535
2019-02-22,0.000745212047305266,0.00525303256624898,0.00421348937973587
2019-02-25,-0.0357939333495167,-0.0315797042233381,-0.0293328291769219
2019-02-26,0.00692470259567646,0.000360425305757417,0.0100521399290887
2019-02-27,0.0179336113259572,0.0256150610975032,0.0177027104861063
2019-02-28,-0.0054372585245881,0.00490540577207277,0.00455182858744063
2019-03-01,-0.0146455706995869,-0.0251296182346996,-0.0265502320941211
2019-03-04,0.00917858669598814,0.0140584217671673,0.0124778802554433
2019-03-05,0.00288907674533689,-0.000530269566114683,-0.00301605834948315
2019-03-06,0.00197193844711219,-0.00602945610993189,-0.00160042712208153
2019-03-07,0.00468668179648635,0.00779592892398462,0.00373035337990668
2019-03-08,-0.00848232895574341,-0.010467584266789,-0.00640343703520685
2019-03-11,0.0126966639108055,0.0127593437537596,0.0129422957138283
2019-03-12,0.00135084448309009,0.00140770742936702,0.00562095279353336
2019-03-13,0.013112987776239,0.0241477902125808,0.0216589944634071
2019-03-14,-0.00474848792526217,0.00598957895704899,0.00325147886355381
2019-03-15,-0.00104174427160597,-0.00153675433641443,-0.00239480100768308
2019-03-18,0.00564218274808237,0.0096931292056599,0.0098841977169668
2019-03-19,0.00103588614516426,-0.00101591610498541,0.00186361765076626
2019-03-20,0.0130778441655934,0.0134614181493422,0.0174501072215945
2019-03-21,-0.00938698591209519,0.00250396591892255,-0.00416701994751278
2019-03-22,-0.0123064789862184,-0.0157959930286458,-0.0151467049248479
2019-03-25,0.00268176561200839,-0.0037332471663678,0.00186361765076626
2019-03-26,0.0112443853766724,0.0188621287626685,0.0161185491020817
2019-03-27,-0.00206185640055878,-0.00888149952086792,-0.0107167803966615
2019-03-28,-0.000147438260495569,-0.00185325636396971,0.000841396768191949
2019-03-29,0.00836947841251234,0.0140658715567028,0.0122044480651082
2019-04-01,0.00902480652250581,0.0238243421385693,0.0260777385059088
2019-04-02,0.00520307576469925,0.0159462185417842,0.0131877112288015
2019-04-03,-0.000865301467317003,-0.00191938638580336,-0.00159897699561906
2019-04-04,0.00129767158286587,-0.00578036291549999,-0.00497313931038335
2019-04-05,0.0134537595330775,0.0156577731554046,0.0172198132468955
2019-04-08,0.0107467097633585,0.0207098710154705,0.0187916585097891
2019-04-09,-0.00691555928093912,-0.00654309858893587,-0.00373018772592371
2019-04-10,0.0157372926100878,0.00979866304870214,0.00388531066116027
2019-04-11,-0.0126264303728121,-0.0160702420874177,-0.0118584631941321
2019-04-12,0.0101138662369289,0.00486389913159524,0.000784498353563201
2019-04-15,-0.00518462592041313,-0.00769899317107203,-0.00298437353364189
2019-04-16,0.00755776865488489,0.0102001668995637,0.0118844244745908
2019-04-17,-0.00139528416664536,-0.00453799386078391,-0.00905690138437265
2019-04-18,0.0048750009494265,0.00375704887771189,0.00391389932113562
2019-04-22,0.0283561221855839,0.0262158421308936,0.0256068287137747
2019-04-23,0.00632785686033888,0.0090909717012515,0.00788839042002021
2019-04-24,0.00080493699006734,-0.00620321226608844,-0.00606246173255531
2019-04-25,-0.00295460864953956,-0.0103738535206173,-0.0105449131766155
2019-04-26,-0.0300363876862839,-0.0297275022549801,-0.035815854110143
2019-04-29,-0.00152576491212475,0.00315457674851505,0.0128156172165603
2019-04-30,0.010494434894885,0.00643593776354479,-0.00220333737233425
2019-05-01,-0.0085529559879971,-0.00486237331611417,0.00236053300261929
2019-05-02,-0.020010462691296,-0.0285483066748942,-0.0332405164271021
2019-05-03,0.00141242961334243,0.00210101087387482,0.00518639736302795
2019-05-06,0.00548949228477191,0.00499236079975951,0.010932584772771
2019-05-07,-0.0192749731556052,-0.0137487001917203,-0.0177452631902781
2019-05-08,0.00698755071260138,0.0116581631273895,0.00891199287441147
2019-05-09,0.000284171641582454,-0.00678406736914372,-0.00631121117435374
2019-05-10,0.00326218288020019,-0.000648508453338081,0.00178412179350129
2019-05-13,-0.00553782032931061,-0.0101060354818028,-0.0141985249418832
2019-05-14,0.0142788882505318,0.0120503005142343,0.0081846912950132
2019-05-15,0.00741210302051964,0.00387722618186714,0.0127968053894971
2019-05-16,0.0117738045442088,0.013612188722667,0.0161255190542429
2019-05-17,-0.00566182552309957,-0.00175117453013751,-0.00683355857491641
2019-05-20,-0.00332917494337703,0.00540284168233551,0.00746687081900976
2019-05-21,0.00291363369492981,-0.00174478591333038,-0.00253565904481068
2019-05-22,-0.0166239771633485,-0.0252404686211607,-0.0273460823255149
2019-05-23,-0.0465669717074952,-0.0588454337749784,-0.0523925353350352
2019-05-24,0.0136315778819913,0.0123564297384258,0.0141628508462155
2019-05-28,0.0204618089930859,0.00866100344820708,0.000677506800982997
2019-05-29,-0.00945836801852362,-0.00559560595246644,0
2019-05-30,-0.0378566331344654,-0.0384796173174324,-0.0459074285638916
2019-05-31,-0.0362402630436014,-0.0561506372524714,-0.0555850461445169
2019-06-03,-0.0510566475899505,-0.00468384931242616,-0.00960368929112132
2019-06-04,0.0111968715416806,0.00430994764420767,0.0018903597311688
2019-06-05,-0.0218605768903766,-0.0342368927593961,-0.023890290533032
2019-06-06,0.0170077689197621,0.0174551281269069,0.0282246043004899
2019-06-07,0.0259297497838125,0.0262728566289425,0.0160421272771245
2019-06-10,-0.0159264395211602,-0.0136132638444093,-0.0115393054101833
2019-06-11,0,0.000187740543121429,-0.0069503426218227
2019-06-12,-0.037956462085635,-0.0408063510658669,-0.0378418338956537
2019-06-13,0.0220985245941776,0.0220469188929804,0.0216894637242548
2019-06-14,0.0113527005871905,0.00438973889374683,0.00611155454600221
2019-06-17,-0.0174058888042241,-0.0111069697935404,-0.0114899770387606
2019-06-18,0.0195001304073381,0.0372338200587237,0.0407603593388739
2019-06-19,-0.00516296726093035,-0.00260078170005729,0.00110885245144665
2019-06-20,0.0416627926812261,0.0523622912591213,0.0493705013088306
2019-06-21,0.0115697395474106,0.0136748274021903,0.0125787822068597
2019-06-24,-0.00522836805343552,0.00815056970274419,0.00260078170005773
2019-06-25,0.00292510407934277,-0.00120971240882284,0.0175081712226559
2019-06-26,0.0218953554558494,0.0264497971654869,0.00745892591912511
2019-06-27,0.000901984426756819,0.000841680042955595,0.00135021117559209
2019-06-28,0,-0.0162853471909905,-0.0185553029818841
2019-07-01,-0.0226436237959149,0.0105479031700044,0.0168672539652412
2019-07-02,-0.0417446456698238,-0.0492556642730539,-0.049702896852847
2019-07-03,0.0225013454747156,0.0191924193706949,0.0189945914757343
2019-07-05,0.00640377041960338,0.00296038527043851,0.00573266574732134
2019-07-08,-0.00187003327053503,0.00260484648459336,-0.00294908705367547
2019-07-09,0.000779605559093177,0.00294397995987072,0.0134600824204085
2019-07-10,0.0434618984268207,0.0439779982033404,0.0325465030553778
2019-07-11,-0.0073392076603529,-0.00381331805869145,0.00265120287851417
2019-07-12,0.00300210372576437,0.000166099161580391,-0.000662142053657
2019-07-15,-0.00360360750329836,-0.0105185041912197,-0.0178770110500786
2019-07-16,-0.0325642165050573,-0.0334502176287543,-0.0315094560589078
2019-07-17,-0.0107805121881892,-0.0146855786115569,-0.0157814953374027
2019-07-18,-0.027551706903977,-0.0264112425165361,-0.0169329417862194
2019-07-19,0.00868172655550925,0.00594971555891277,0.00197539796659996
2019-07-22,0.0125667763720241,0.0105499413911838,0.00625952146644426
2019-07-23,0.00897008139046296,0.00973545170424917,0.0190717417556341
2019-07-24,-0.0102355038940267,-0.0158014827938739,-0.0224649051148269
2019-07-25,0.00331832492213557,0.00250223544320161,0.000178874877500235
2019-07-26,0.0011036658589747,0.00320798706768333,0.00446150467900175
2019-07-29,0.00393174997334711,0.0118512044190622,0.0157233165905293
2019-07-30,0.0157287366218402,0.0205367468251927,0.0223598881314908
2019-07-31,0.00692896759405226,0.00908863325568632,-0.0077433063486616
2019-08-01,-0.0743558753074929,-0.0823356496954433,-0.0605274594959067
2019-08-02,0.0227152507144739,0.0312040643936009,0.0127645788564026
2019-08-05,-0.0341857446948044,-0.0175808787390634,-0.00326679056404267
2019-08-06,-0.0146528937469173,-0.0195722643638474,-0.028581276176594
2019-08-07,-0.0470695550054376,-0.0485198296521272,-0.021746153328253
2019-08-08,0.0202453882491085,0.0279860009146873,0.0115937818642351
2019-08-09,0.0198436327499101,0.0366259174118047,0.0251902488285585
2019-08-12,0.000683176798562002,0.00785894568533019,0.00935357575961904
2019-08-13,0.0455572228404746,0.0387444693074359,0.0349780075035433
2019-08-14,-0.0301397213502117,-0.0332978327488682,-0.0318794904888451
2019-08-15,-0.0212394357429257,-0.0138561925175131,-0.00455997142169551
2019-08-16,0.00701637172936742,0.00731665967530093,0.00419593792659345
2019-08-19,0.0185847552095684,0.0241279259430991,0.0223231591898125
2019-08-20,0.00484262447578754,0.00231008543424327,0.000178015131756304
2019-08-21,0.00448766646938825,-0.0117837464220623,-0.0058912961608879
2019-08-22,-0.00632176452417532,-0.00594435687151851,-0.00827045347019695
2019-08-23,-0.00972672434628841,-0.0215494094848383,-0.0259707354144614
2019-08-26,-0.0108438880286252,-0.00983219125632973,-0.00315486946281274
2019-08-27,0.01370463882271,0.0237645889410509,0.0345271304338386
2019-08-28,0.0163336964620617,0.0153557348448139,0.00376378255947607
2019-08-29,0.00970641823160889,0.0165351798265938,0.0126212678875151
2019-08-30,-0.0106988099769643,-0.0288008458670674,-0.0259475951234673
2019-09-03,-0.0365699188421784,-0.0212773984472849,-0.0225511435759653
2019-09-04,0.0410279465341636,0.042111485350127,0.0373075747381719
2019-09-05,0.00411015786182833,0.000710732083933685,0.00338832245703369
2019-09-06,0.00963351396661505,0.00390002267068201,0.00992036479413461
2019-09-09,0.0169181510427139,0.0232588958233588,0.0230015368054248
2019-09-10,-0.00336080975695285,-0.00780915031416463,-0.00310559255815335
2019-09-11,-0.0254904620476388,-0.0291668929852928,-0.0333832826824789
2019-09-12,-0.00709632485332534,-0.0119091988556033,-0.0153032061978653
2019-09-13,-0.00265340122510516,-0.00436602476338521,-0.00545753583076358
2019-09-16,0.136391794616269,0.136943976985155,0.121141934830226
2019-09-17,-0.0669562003772057,-0.058262548843719,-0.0508851172330012
2019-09-18,-0.0148266469465748,-0.0209458487756615,-0.00956781602605439
2019-09-19,0.0125001627642316,0.000344115626244701,0.00735486082897108
2019-09-20,-0.00186509224099574,-0.000688349708817704,-0.0101054212703398
2019-09-23,0.00759399232551328,0.00942352557395409,0.00686226745049279
2019-09-24,-0.0261217636476578,-0.0232909691579088,-0.0294955455655934
2019-09-25,-0.0113157634244727,-0.0140624570833161,-0.00229175948697069
2019-09-26,0.00559419663983718,-0.00141718358528564,-0.00212014213692591
2019-09-27,-0.0133174852313918,-0.00890319271333162,-0.00638753058934682
2019-09-30,-0.0184209300424936,-0.0334637516446401,-0.0351421780439574
2019-10-01,-0.0315894905321672,-0.0083573705861002,-0.00480503604228177
2019-10-02,-0.0205874486876816,-0.0184458457907515,-0.028372029891238
2019-10-03,0.000346620454076962,-0.00361595217475541,-0.00305402031610047
2019-10-04,0.0113715904928249,0.00684023187653571,0.0132930176171948
2019-10-07,-0.000342700483135339,-0.00113679436266612,-0.00396938428749882
2019-10-08,-0.00188695484413426,-0.00227747299048842,-0.0043655758808594
2019-10-09,0.00137268381197231,-0.000760311764434363,0.00152062374862805
2019-10-10,0.01328583671165,0.0180898092925048,0.0227218488034682
2019-10-11,0.0235777162221771,0.0212479125341773,0.0193073939073281
2019-10-14,-0.0193565195785528,-0.0205012259211763,-0.0263877290570385
2019-10-15,-0.010331195285203,-0.014661916787917,-0.0107153953177019
2019-10-16,0.0115099442639881,0.0103608348885262,0.00113335864039499
2019-10-17,0.00821256606137144,0.0106255077417674,0.0211084702960003
2019-10-18,-0.00821256606137144,-0.00278525850841715,-0.00742118433761663
2019-10-21,-0.00777162215338123,-0.00877772000604882,-0.00447929080404608
2019-10-22,0.0124727725174756,0.0158186977693497,0.0139316825614739
2019-10-23,0.0243248528559175,0.032873204299249,0.030341141116514
2019-10-24,0.00814071574892772,0.00463458940084216,0.00339437574682044
2019-10-25,0.00565932466890118,0.00761807209825971,0.00993796999013252
2019-10-28,-0.00728217474918402,-0.0151154296020284,-0.015840858071912
2019-10-29,0.000324780775833311,-0.0048495829216888,-0.00431500130141327
2019-10-30,-0.0160396237357583,-0.00867998216419164,-0.0108696722369039
2019-10-31,-0.00628932890756406,-0.0161116630575124,-0.0139400643293293
2019-11-01,0.023951276165918,0.0366049202426968,0.0378771381179552
2019-11-04,0.00710712085405518,0.00603159536579856,0.00514413551221615
2019-11-05,0.0132706400335447,0.0121298841555664,0.0131823685894394
2019-11-06,-0.0195675850351344,-0.0154959959352254,-0.0154850885866757
2019-11-07,0.00886888019204068,0.0140971497550346,0.0119867467295265
2019-11-08,0.00352564467766747,0.00157356444743062,0.0064623401913515
2019-11-11,-0.00529313931311393,-0.00666084846539672,-0.00944558360768344
2019-11-12,-0.00193174561037335,-0.00105578049574806,-0.00211119008745975
2019-11-13,0.00498273151779749,0.00561799230422277,0.0105116595083938
2019-11-14,-0.00144404357223404,-0.00614630084869372,-0.00840046942093409
2019-11-15,0.0162449821843333,0.0165957167230353,0.0179400439762478
2019-11-18,-0.0136792335028995,-0.0116756575975856,-0.0182915996135469
2019-11-19,-0.0248087307988385,-0.0327839800121312,-0.0308870397954744
2019-11-20,0.0241679105269892,0.0338351363808185,0.0314143269155212
2019-11-21,0.0248489480866638,0.0254141087228152,0.0246454681505135
2019-11-22,-0.00910810316597122,-0.0139237316064129,-0.00688115565701342
2019-11-25,0.00409320470734098,0.00414579968479867,-0.000345303870834535
2019-11-26,0.00969363437977933,0.00687169857424497,0.00705500646270441
2019-11-27,-0.00327281520218303,-0.00514934196520311,-0.00309119256967261
2019-11-29,-0.0257742151073588,-0.0519184388026748,-0.0479133556958979
2019-12-02,-0.024484401046692,0.0142178225129408,0.0102325639259702
2019-12-03,-0.00164284577774243,0.00249866273137034,0.0058766084889843
2019-12-04,0.0352160441423139,0.0406936440376944,0.035409646882778
2019-12-05,0.00617139390454202,0,-0.000342817967018405
2019-12-06,0.0156522212540171,0.0130920853236152,0.0126066405535976
2019-12-09,-0.00217661777476241,-0.00304517237516677,-0.0027123257855477
2019-12-10,0.00139979803555068,0.00372061988480432,0.00305084982398718
2019-12-11,-0.00968303676903215,-0.00813563809392193,-0.00491985045300236
2019-12-12,0.00750472565406746,0.00712229566638722,0.00711746776886457
2019-12-13,0.015762959665258,0.0149269018900071,0.00941183418234637
2019-12-16,0.0018382358117508,0.00232790261428573,0.00733336619779568
2019-12-17,0.0115643406847168,0.0120513220812066,0.00529978053998548
2019-12-18,0.00105844116632703,-0.000164109297159598,0.00576465402691007
2019-12-19,0.00557608256636311,0.00409467446235379,0.00671088532168262
2019-12-20,-0.00602956303668467,-0.0121692013182182,-0.0154532090425175
2019-12-23,0.00377273517742172,0.00132275151561601,0.00462810743446784
2019-12-24,0.0121268047980356,0.00970162998666968,0.00821157512857251
2019-12-26,0.0106572944739884,0.00928421034825,0.00992765904539805
2019-12-27,0.00352734051796855,0.000648298239885214,-0.000485948013126958
2019-12-30,0.00409956650293175,-0.000648298239885214,-0.000972605036955621
2019-12-31,-0.0363027069975672,-0.0101027419483426,-0.00732484759502583
2020-01-02,0.00378072283990605,0.00196335141602511,-0.000490236140221256
2020-01-03,0.0348570698655086,0.0301077236881717,0.0299491068268667
2020-01-06,0.00450877063727706,0.00348322074786456,-0.00333677913476826
2020-01-07,-0.00933087393892773,-0.00904983551991823,-0.00223072112897871
2020-01-08,-0.0423367391356972,-0.0505381024070397,-0.0441907719650141
2020-01-09,-0.00107025466985355,-0.000839137416027036,-0.00652339856197504
2020-01-10,-0.00598390738368426,-0.00876902752359143,-0.00791849811894085
2020-01-13,-0.0120763195450388,-0.0163938097756766,-0.0175757446355052
2020-01-14,0.00450696232637071,0.00257931533248801,0.000860363126288455
2020-01-15,-0.00762708966261449,-0.00723891475464367,-0.000688231272864215
2020-01-16,0.00964087703668071,0.0122068050575388,0.00839836969883123
2020-01-17,0.00355295036610048,0.000341705111816637,0.00374787491516759
2020-01-21,-0.00401731071807099,-0.00342231682416472,-0.00956781602605439
2020-01-22,-0.0215970835601746,-0.0278085350588704,-0.0379648497194758
2020-01-23,-0.018683178175869,-0.0204761004153271,-0.00679909579309612
2020-01-24,-0.0220003984605741,-0.025506939387355,-0.0272992384876378
2020-01-27,-0.0228324225780323,-0.0195664492463554,-0.025601697269376
2020-01-28,0.00319784838702919,0.00637781190207498,0.0215343964136339
2020-01-29,0.00502850539970456,-0.00280872762123163,-0.0168133981258518
2020-01-30,-0.0257423189990069,-0.0225666161071549,-0.00245213741659089
2020-01-31,-0.00223271883219489,-0.0111862304343693,-0.0252451731558581
2020-02-03,-0.065914983846294,-0.0285255890993534,-0.03388151541004
2020-02-04,-0.00903981803941445,-0.0100281626586756,-0.00925932541279639
2020-02-05,0.0241681481198595,0.0227191916089393,0.0341913647482794
2020-02-06,-0.00635153210488593,0.0039331417468369,-0.00156463947429408
2020-02-07,-0.00712526993708629,-0.0124421472765488,-0.0147887936355366
2020-02-10,-0.0235610564885347,-0.0150168003597022,-0.0138015992159883
2020-02-11,0.013795893675892,0.0074364728191445,0.00602411460338104
2020-02-12,0.0324254272526372,0.0243311379653735,0.0342418341133852
2020-02-13,0.00981012059078967,0.00487377902074293,-0.00329425741184952
2020-02-14,0.0172448405117445,0.0121775932232344,0.0140698090488223
2020-02-18,0.00747374644193233,0,-0.00249113858827643
2020-02-19,0.0234459272380434,0.023543901247713,0.0272537685663274
2020-02-20,0.00320864921068864,0.0110106552334721,0.00391316999861502
2020-02-21,-0.0137511716128245,-0.00932320756578475,-0.00578198011081366
2020-02-24,-0.0383322190921662,-0.0372144841895534,-0.0404635352677785
2020-02-25,-0.0242708542960139,-0.030200657029352,-0.0244491673521754
2020-02-26,-0.0280512948799507,-0.0237261459020583,-0.029369199458805
2020-02-27,-0.0236731062610978,-0.0342341925999512,-0.0486462896277837
2020-02-28,-0.0323299822262917,-0.0507457808117389,-0.0235818787988391
2020-03-02,0.0269494926895524,0.0434993722909716,0.0487270348489983
2020-03-03,-0.000771010061324517,0.00915581824483302,-0.00887767403201734
2020-03-04,-0.0141763710186105,-0.00851431282349591,0.00212089156913731
2020-03-05,-0.0225484236664291,-0.0189906440895338,-0.0255351284241323
2020-03-06,-0.0991784239776115,-0.106086995893192,-0.101480010902831
2020-03-09,-0.275751464331813,-0.282206136719791,-0.318213201953214
2020-03-10,0.07995315409805,0.0987211126625382,0.1418875858952
2020-03-11,-0.0391777264361703,-0.0409917799846022,-0.0509158076894738
2020-03-12,-0.0745164205927855,-0.0459137712998654,-0.0664727577174022
2020-03-13,0.0187868951731351,0.00727505976351717,0.0607195245886163
2020-03-16,-0.119076338377067,-0.100365482829529,-0.137835466394999
2020-03-17,-0.0449207879900184,-0.0629138254105692,-0.0674007521397413
2020-03-18,-0.14387760512022,-0.279920067116292,-0.180533447242869
2020-03-19,0.134786633418968,0.213574100298059,0.113456285154057
2020-03-20,-0.0537550505103366,-0.108360870891328,-0.234370613907993
2020-03-23,0.00185150950874657,0.0317486983145803,0.181144789405909
2020-03-24,0.004429686091588,0.0274452522731359,0.0228652655327957
2020-03-25,0.00880093689504235,0.0197944607309144,-0.000822368467399581
2020-03-26,-0.0390892869598516,-0.0803149646858361,-0.0475979504164261
2020-03-27,-0.0550167987796688,-0.0494319629986015,-0.0595466870349015
2020-03-30,-0.091067288277336,-0.0682957644527957,-0.0741079721537217
2020-03-31,-0.000879120935740385,0.0192266213444641,-0.0089153636579522
2020-04-01,0.0842958786419521,-0.00833542457901393,0.0532813666129366
2020-04-02,0.19077401202714,0.220481221683682,0.154824307336733
2020-04-03,0.130395217439072,0.112679636986559,0.158470340971775
2020-04-06,-0.0279447434715934,-0.0831054972040821,-0.0977268908027553
2020-04-07,-0.0399807245297161,-0.0986516458596358,-0.0807400356678145
2020-04-08,0.0299821561549827,0.0599522691795147,0.0746378046801714
2020-04-09,-0.0422948610350251,-0.0974647511202007,-0.119745556928635
2020-04-13,0.00822529154906038,-0.0154973214452947,-0.0337677336234266
2020-04-14,-0.0698033537682483,-0.108290084028275,-0.0740393544571911
2020-04-15,-0.0667030241471442,-0.0120061472208355,-0.0327097747941312
2020-04-16,0.0046838493124266,0,-0.0205572543873562
2020-04-17,0.00930239266231325,-0.08395068617381,-0.0856307333905022
2020-04-21,-0.373399285937371,-0.601675777062786,-0.693147180559945
2020-04-22,0.0524049370184749,0.319633672258383,0.451483292046873
2020-04-23,0.0460513022445448,0.180142115321023,0.170184484456116
2020-04-24,0.00514380371934209,0.0263173083173736,0.0182090199982325
2020-04-27,-0.0700261876902926,-0.28179624027452,-0.284969418201654
2020-04-28,0.0232396120111718,-0.035035430472147,0.0267293499896604
2020-04-29,0.0968197480881496,0.199196203894506,0.14560962568909
2020-04-30,0.114326412788472,0.22394004677647,0.21804916370445
2020-05-01,0.0452600935833831,0.048689057046349,0.0309462549133781
2020-05-04,0.0283389583184657,0.0303732583917977,0.0729464475222263
2020-05-05,0.12980202068316,0.186074518692578,0.176956229105396
2020-05-06,-0.0411987741355531,-0.0234820264273385,-0.0482167526518769
2020-05-07,-0.00878680881507377,-0.0185112563891763,-0.0294882360306921
2020-05-08,0.0499855829506268,0.0492955465019151,0.0516566315363587
2020-05-11,-0.0442316323996375,-0.0245511512949563,-0.00529209458176494
2020-05-12,0.011743131088978,0.0657287818416559,0.0337110573423116
2020-05-13,-0.0267043078084281,-0.0191899368291679,0.00747005636039955
2020-05-14,0.064345799587493,0.0859563854635841,0.080855899496076
2020-05-15,0.0430681048821753,0.0656491160999235,0.0707735587250475
2020-05-18,0.0686646124876558,0.0780804606642596,0.0998590420389851
2020-05-19,-0.00460697618743522,0.00439009798843326,-0.0144196393232106
2020-05-20,0.0312525435041042,0.0467617659080393,0.0352191834235915
2020-05-21,0.00863394863515454,0.0127579241175892,0.0115676805236649
2020-05-22,-0.0261287514974353,-0.0199500438218392,-0.0103750745385418
2020-05-26,0.0291745796862708,0.0325472515664949,0.0180131845281952
2020-05-27,-0.0403382851510479,-0.0458686716953478,-0.0587606883783724
2020-05-28,0.0157078768742198,0.0270611822729592,0.0434256783419085
2020-05-29,0.00113282368387502,0.0514564374124356,0.0484363196450226
2020-06-01,0.0812394917316062,-0.00140984092152507,0.00677203490994494
2020-06-02,0.0320993022946734,0.0379284216540499,0.036176801600349
2020-06-03,0.00554436904150402,0.0129556467997993,-0.00325998658720739
2020-06-04,0.00501379841988969,0.00321285416932549,0.0156590672676469
2020-06-05,0.0561576631935052,0.0556276458536082,0.0429948264241253
2020-06-08,-0.0361050046421161,-0.0349919929762383,-0.0202184181131932
2020-06-09,0.00927062018952718,0.0194482987066289,0.00522330777528168
2020-06-10,0.013267593003818,0.0168071183163812,0.018069670792157
2020-06-11,-0.0792641945941228,-0.0859100552924095,-0.0776366338408567
2020-06-12,0.00465839351732233,-0.00220385764132036,0.0107247006219429
2020-06-15,0.0252403456503112,0.0234407025912948,0.0138532705766914
2020-06-16,0.0307411415542806,0.0333805826615543,0.0229343385381666
2020-06-17,-0.00612221821636494,-0.0110035168378269,-0.00608226124684252
2020-06-18,0.0194605995500599,0.0229176696813971,0.0297905489691592
2020-06-19,0.0162488640712999,0.0231591976772165,0.0150763044664117
2020-06-22,0.0208756261519403,0.0177039906392586,0.0292411187181512
2020-06-23,-0.0105006215110688,-0.00222689687474986,-0.0143887374520997
2020-06-24,-0.0559586536480445,-0.0602376518636922,-0.0499527587611812
2020-06-25,0.0181912587693627,0.0185069794072188,0.0251601911504857
2020-06-26,-0.000731083254202236,-0.00595779511272143,-0.0227989149648065
2020-06-29,0.0166811555646191,0.0309527203974902,0.0377985606222584
2020-06-30,-0.0135169810857749,-0.0108903191032264,0.00478289143370647
2020-07-01,0.0211597218939463,0.0139084300461318,-0.00251445945907847
2020-07-02,0.0260669919439849,0.0206295373577694,0.014248460026284
2020-07-06,-0.000927643851308169,-0.000492125994184356,0.00741843164755052
2020-07-07,-0.000464144821514356,-0.000246153847396791,-0.00246670080673672
2020-07-08,0.0048628091657017,0.00686950689651722,0.00958591585137958
2020-07-09,-0.0219532403558258,-0.0317960217783511,-0.03206438477741
2020-07-10,0.020797571672944,0.0232017392910171,0.0249451697327672
2020-07-13,-0.0120987981190681,-0.0111594462488984,-0.0246926125903717
2020-07-14,0.00420463128203163,0.00472696489073243,0.0209902758918359
2020-07-15,0.020533654879336,0.0223349571522249,0.0135087403639758
2020-07-16,-0.00963752296603237,-0.0109824166686092,-0.00636321285592523
2020-07-17,-0.00531731688626458,-0.00393410883606515,-0.00393604444196516
2020-07-20,0.0050867161703807,0.0054054185669079,0.00295348479524238
2020-07-21,0.0218986853076375,0.0277896341103823,0.0259565815607847
2020-07-22,-0.000677124503921434,-0.00143095660000458,0.00310819138456031
2020-07-23,-0.0223753627085714,-0.0200078989596246,-0.020012723368156
2020-07-24,0.000692440881677747,0.00534241192953155,0.0067961426628349
2020-07-27,0.00161383320328889,0.00747982736921893,0.00747081435922947
2020-07-28,-0.00438647823276206,-0.0135529664047036,-0.0137799835524945
2020-07-29,0.0121882617248832,0.00558864290197647,0.00582525919108079
2020-07-30,-0.0186878203529881,-0.0332583923212275,-0.0242510353661611
2020-07-31,0.0083488425578091,0.0087293234200998,0.00247647476740243
2020-08-03,0.0194402920415246,0.0182091645406048,0.00837443317848274
2020-08-04,0.00632198989784838,0.0166851894007882,0.0184695408115001
2020-08-05,0.0165182327186955,0.0116820973314913,0.016004163399304
2020-08-06,-0.00177265723351994,-0.00570479322303186,-0.00546514369646678
2020-08-07,-0.0154210229948135,-0.0175548574509024,-0.00885491007828154
2020-08-10,0.0132007734149018,0.0173164500114606,0.00933132742888398
2020-08-11,-0.0109510536808863,-0.0078995024789239,-0.00909097170125195
2020-08-12,0.0206834905991173,0.0251555742050589,0.022574322038539
2020-08-13,-0.0103994741858764,-0.0101284578019025,-0.00518257932666977
2020-08-14,-0.00356506616449614,-0.00545995421671552,-0.00260139676086713
2020-08-17,0.0126429542549329,0.0207310133474983,0.0136408512110027
2020-08-18,0.00198172474852498,0,-0.00609186513747151
2020-08-19,-0.00198172474852498,0.000932183707680334,0.00562457540934247
2020-08-20,-0.0104132989276637,-0.00256559907493248,-0.00398080375825449
2020-08-21,-0.0123250859926203,-0.0112730174548177,-0.00871927286728846
2020-08-24,0.0174345050833216,0.00659136096375201,0.00330813156136323
2020-08-25,0.0160460635908484,0.0169830765560799,0.0235469557418133
2020-08-26,-0.00480875243588352,0.000922296583708349,0.000230388205142873
2020-08-27,-0.012124032560882,-0.00809908395673054,-0.00902470547191792
2020-08-28,-0.000887508378645929,-0.00162771806662532,-0.00209424160311489
2020-08-31,0.00509244984058066,-0.00841323027508301,-0.00256559907493248
2020-09-01,0.00660358992261045,0.00351411864502404,0.00419483253202557
2020-09-02,-0.0255541068697207,-0.0296687240918971,-0.0335808332636955
2020-09-03,-0.00813563809392148,-0.00337838159162729,-0.00724116125655971
2020-09-04,-0.0325175658106915,-0.0394431212537207,-0.0438243167500079
2020-09-08,-0.0698974396173782,-0.0787025617321131,-0.069969593036193
2020-09-09,0.0250726799036411,0.0344907868202085,0.0251956506862574
2020-09-10,-0.018058623091795,-0.0199077576579252,-0.0208619494291393
2020-09-11,-0.00575793304411931,0.000803966276722967,0.0104853763447981
2020-09-14,-0.00553878555972753,-0.00187692775305015,-0.00348292381558002
2020-09-15,0.0229608290063918,0.027007201411311,0.0298766438392639
2020-09-16,0.0408516017799574,0.0479439087987203,0.0453234393584845
2020-09-17,0.0252585925882696,0.0199686161753059,0.0197196431875888
2020-09-18,-0.00347021747900733,0.00341130935100731,0
2020-09-21,-0.0404358195782093,-0.0447724614760179,-0.0342635304407404
2020-09-22,0.00673403218134405,0.0123879728566227,-0.00101086690437624
2020-09-23,0.00119774837651221,0.00326100878473801,0.00101086690437624
2020-09-24,0.00406164696468991,0.00947165605394451,0.0150416473430703
2020-09-25,-0.000476985460986956,-0.00148957326450194,-0.0037392540140897
2020-09-28,0.0120926192014466,0.00865806274311476,0.0131499227713361
2020-09-29,-0.0335521527601386,-0.0327980330373188,-0.036650688450933
2020-09-30,-0.00195169615501634,0.0233943507741374,0.0189951260172259
2020-10-01,-0.000488519794767051,-0.0380081219361297,-0.0326393073070657
2020-10-02,-0.0414024219143929,-0.0440879106662804,-0.0420864016332203
2020-10-05,0.0501594713080804,0.0569184690261046,0.0618483690190494
2020-10-06,0.0324069340396891,0.036303899150933,0.0121244223301407
2020-10-07,-0.0155957792415862,-0.0178620477068496,0.00525855725346691
2020-10-08,0.0316445014121114,0.0305668362357054,0.0302568893174708
2020-10-09,-0.0113703510644245,-0.0144274418403021,-0.018340164384008
2020-10-12,-0.026725014911217,-0.0292411187181512,-0.0257482040819248
2020-10-13,0.0173462826247848,0.0193400477354397,0.0173218840882305
2020-10-14,0.0202875093754336,0.0206802052375386,0.0228820415229984
2020-10-15,-0.00370028174285597,-0.0019512201312617,-0.00463245982636096
2020-10-16,-0.0053432581534647,-0.00195503483580328,-0.00342717593711672
2020-10-19,-0.00724725556599815,-0.00122384056396507,-0.00171800263142163
2020-10-20,0.0125905137194628,0.0153120016761492,0.0182553444927458
2020-10-21,-0.0336938457864728,-0.035099934003151,-0.0358496528936971
2020-10-22,0.0173421616716487,0.015123630265744,0.0151348875842703
2020-10-23,-0.016384077766026,-0.0196303980340025,-0.0206500682723805
2020-10-26,-0.0318645467694845,-0.0329069354938789,-0.030111996955041
2020-10-27,0.0181244246158814,0.0258557856549881,0.00851288515157922
2020-10-28,-0.051804411188864,-0.0566679664083107,-0.0406293595949476
2020-10-29,-0.0383008909207141,-0.0331732430250158,-0.0345659667380502
2020-10-30,-0.00505925722996015,-0.0105615211860721,-0.0108590792810683
2020-11-02,0.0395184223346754,0.0281010226129954,0.0376366354932012
2020-11-03,0.0188109257925424,0.0228289758380762,0.0281783662289667
2020-11-04,0.0375631015756483,0.0388018992078059,0.0256192042374641
2020-11-05,-0.00730285621449722,-0.00923794098493635,-0.0162270141411125
2020-11-06,-0.036829243212428,-0.0434679255273158,-0.026843717078997
2020-11-09,0.0721143149460288,0.0814087432786961,0.060797201968577
2020-11-10,0.0281381196167629,0.0262109309969176,0.0480249068143128
2020-11-11,0.00434733552772526,0.00217365138113035,-0.00913248356327223
2020-11-12,-0.0061834618181944,-0.00799326043439441,-0.0121449148840123
2020-11-13,-0.0173796519099465,-0.0243704368680842,-0.0197439779896911
2020-11-16,0.0240196305130609,0.029706369974797,0.0330953111645549
2020-11-17,-0.00159872136369721,0.00217470183568835,-0.00168939342702101
2020-11-18,0.0133955913845423,0.00936943791117706,0.00529994013421975
2020-11-19,-0.00316241510451309,-0.0019147923514331,0.00287908068356613
2020-11-20,0.0170484165017832,0.0161600474874817,0.0107233244871927
2020-11-23,0.0241716888071037,0.0149745427996808,0.0152890194433009
2020-11-24,0.0383351880876877,0.0420659951634295,0.0449590832185036
2020-11-25,0.0153434484262212,0.0176566052440066,0.0231619486317065
2020-11-27,-0.00867953371972296,-0.00394564299696221,-0.00744148761168262
2020-11-30,-0.0123213420537063,-0.00418180426730785,-0.0101568548139772
2020-12-01,-0.00357857449575949,-0.017577491162565,-0.0147554655659192
2020-12-02,0.0173517471477354,0.0162532799781094,0.0125337361472564
2020-12-03,0.00948852003345646,0.00791909109894728,0.0150113194084391
2020-12-04,0.0110250197996464,0.0134931318094185,0.0098114817385424
2020-12-07,-0.00938399379035193,-0.0108673097317507,-0.0100306117931059
2020-12-08,0.00102427541475825,-0.00350263055120204,-0.000657678418970686
2020-12-09,0.000409416587090483,-0.00175592670226488,0.00240937582331258
2020-12-10,0.0280514811095904,0.0273039713379575,0.0271920076952505
2020-12-11,-0.0055877215830713,-0.00449920416174709,-0.00876729661572107
2020-12-14,0.00638342482775967,0.00897825612043812,0.010043892533774
2020-12-15,0.0093023926623137,0.0133180279439924,0.0118369591760623
2020-12-16,0.00628438831815137,0.00419112097146224,0.00607522555675333
2020-12-17,0.0081887765053521,0.0112290637164132,0.0108019330328135
2020-12-18,0.014649452422776,0.0151860090538829,0.0139518061201249
2020-12-21,-0.0261718921782221,-0.0232832192865025,-0.0266352072526437
2020-12-22,-0.0164376411224012,-0.0200027724020488,-0.0209332096664658
2020-12-23,0.0221178052536191,0.0231248479945543,0.0265670273847216
2020-12-24,0.00175626935571493,0.00228334297440247,0.00498133035020398
2020-12-28,-0.0084190414072034,-0.0127283930221638,-0.012709828348394
2020-12-29,0.0045120233487328,0.00794816984917457,0.00814455791681912
2020-12-30,0.00488139210028793,0.00829880281469464,0.00456527043157484
2020-12-31,0.00891997382244281,0.00247627035326348,0.00248139085138588
2021-01-04,-0.0138013659227307,-0.0187232430171327,-0.0223461318778253
2021-01-05,0.0479602847340499,0.0473691834538013,0.05044816439852
2021-01-06,0.0129751588631333,0.0139222614693,0.0143543134516833
2021-01-07,0.00147221226443506,0.00394244547699341,0.00788647620691529
2021-01-08,0.0291766641564775,0.0273617535093647,0.0349287798531726
2021-01-11,-0.00591134726305764,0.00019140587674471,-0.0104852738337962
2021-01-12,0.0163938097756766,0.0182064577633572,0.0210494166001087
2021-01-13,-0.0092330201367794,-0.00565399169223735,-0.00810178713254794
2021-01-14,0.00640115983720868,0.0123968529768286,0.0161384624788936
2021-01-15,-0.0236739894149816,-0.0228462688511697,-0.0317727180107323
2021-01-19,0.0144146640021843,0.0117715428022245,0.0182792599078176
2021-01-20,0.00321486256528125,0.00620944699074588,0.00601958175838613
2021-01-21,0.000356569802316464,-0.00338219037181764,-0.00545370416146929
2021-01-22,-0.0123757296493929,-0.0163191477380216,-0.0199987619356947
2021-01-25,0.00844645150950285,0.0095202546927462,0.0169770410340147
2021-01-26,0.000536720649792599,-0.00303663167486068,-0.00227229789118288
2021-01-27,-0.00179019023821159,0.00455149657353093,-0.00227747299048842
2021-01-28,-0.00502964954682561,-0.00969681521424715,-0.0103133076085871
2021-01-29,0.0062831191352446,-0.00267840221340654,0.000959416748255393
2021-02-01,0.00837570609702443,0.0255333020051647,0.0264966295868505
2021-02-02,0.019506813065358,0.0223442035264898,0.0274494529794613
2021-02-03,0.0172537061319566,0.0168405971813295,0.016579943686267
2021-02-04,0.00647913605013706,0.00964982470253339,0.00907398806740822
2021-02-05,0.00846171912943916,0.0109657978924345,0.010746161723274
2021-02-08,0.0203509942665177,0.0195094151550963,0.0178870793092489
2021-02-09,0.00871357753248159,0.00670508830294381,0.00480770156810273
2021-02-10,0.00620106425724298,0.00546822962019622,0.000171276869477488
2021-02-11,-0.00538293445622973,-0.007526549386351,-0.0082545610577478
2021-02-12,0.0208796126109645,0.020899579830072,0.0309443255065167
2021-02-16,0.0146289776934951,0.00970556480748996,0.00700703567647309
2021-02-17,0.0155066150437317,0.0179887679366963,0.0257665850742717
2021-02-18,-0.00639278703224466,-0.0101924275425338,-0.0237735600000066
2021-02-19,-0.0160836011966969,-0.0213768995205568,-0.021127546425876
2021-02-22,0.0363676441708742,0.0406869415117441,0.0444149221524706
2021-02-23,0.00199065987182578,-0.000486341907940613,-0.00797465370326744
2021-02-24,0.0252260185491897,0.0248231177840701,0.036105004642117
2021-02-25,-0.00238948739738198,0.00489152849096985,0.000315159157981526
2021-02-26,-0.011277467089875,-0.0324750604659689,-0.0289319308603746
2021-03-01,-0.0375949373032967,-0.0140824334783565,-0.0239630701432283
2021-03-02,-0.0156661167443994,-0.0147855505224959,-0.0122003685962735
2021-03-03,0.0216147880120552,0.0252843346207152,0.0263850035882296
2021-03-04,0.0408282376722973,0.0407697738356303,0.047494736223979
2021-03-05,0.0385058591490592,0.0347941502143954,0.0345364690276515
2021-03-08,-0.0162794292888631,-0.0158612445238466,-0.0244361578494559
2021-03-09,-0.0106070528957218,-0.0161168838046022,-0.013385413858809
2021-03-10,0.00561218427694854,0.00669523715486164,0.013540009205796
2021-03-11,0.0251594743898051,0.024223168116273,0.0186835450087353
2021-03-12,-0.00590567074725712,-0.00622960306826048,-0.00532442118900001
2021-03-15,-0.00492397808772349,-0.00335878178360183,-0.0042800432197776
2021-03-16,-0.00713924500947005,-0.0090637382149561,-0.00522194398115161
2021-03-17,-0.0057189099338979,-0.00309119256967261,-0.00772920836592572
2021-03-18,-0.0719383817167083,-0.0738698485664555,-0.0792541711434751
2021-03-19,0.0195609084883497,0.0233909527905762,0.0315807016741179
2021-03-22,0.00139372844860386,0.00227679395800173,0.000488162079501642
2021-03-23,-0.0610986586357214,-0.0637158143861081,-0.0685049475933974
2021-03-24,0.0578435987981685,0.0575238441381867,0.0585318411433038
2021-03-25,-0.0389412924836474,-0.0437684690697004,-0.0422881800292494
2021-03-26,0.0414222985632238,0.040330070266668,0.0399851686477994
2021-03-29,0.00632962360257849,0.00963036905095382,0.0145510619391045
2021-03-30,-0.0130113359759454,-0.0165428389715769,-0.020000666706669
2021-03-31,-0.00939856542363859,-0.0232238321565026,-0.0160243789412409
2021-04-01,0,0.0379781981694451,0.0300014214109137
2021-04-05,-0.02211881088465,-0.0466362609125595,-0.0408287983753191
2021-04-06,0.009448384805812,0.0115275051710677,0.00694976947579651
2021-04-07,0.00667198662490875,0.00738878256561026,0.00606266592584781
2021-04-08,0.000633111765370842,-0.00284828876485843,0.00385421507700467
2021-04-09,-0.00396354066245586,-0.00470905680157241,-0.00755480803013686
2021-04-12,0.00522856296904273,0.00638550312882469,0.00487518827233835
2021-04-13,0.00614417056953531,0.0080080508033431,0.0136577739257877
2021-04-14,0.0446907381179447,0.0481727775946004,0.0373420009510914
2021-04-15,0.0053924636363023,0.00489693735854946,0.00904265700091766
2021-04-16,-0.00254281791340372,-0.00521369377551473,-0.00395601433725101
2021-04-19,0.00418473185791068,0.00395226188324038,0.00647967498264812
2021-04-20,-0.00718458411507594,-0.011265490026191,-0.0137998859009896
2021-04-21,-0.0189557575103478,-0.0212876930796631,-0.0245768230955434
2021-04-22,0.00122399036088883,0.00130314401891507,0.00928723579632873
2021-04-23,0.0107977628823335,0.011491588789065,0.00614391585033403
2021-04-26,-0.00698242059668086,-0.00370818643376047,-0.00112894133432206
2021-04-27,0.0116606151997951,0.0165001741051203,0.0166430469799481
2021-04-28,0.0127161560889135,0.014511295650375,0.0101058810494514
2021-04-29,0.0189949022520102,0.0178479169297416,0.0189859422215486
2021-04-30,-0.0192922558075761,-0.0222421487337208,-0.0215028540426054
2021-05-03,0.00459907345765131,0.0142112175396294,0.0157828106193678
2021-05-04,0.0193497681798753,0.0184365338820953,0.0252596667592382
2021-05-05,0.00116076623596229,-0.000913798418750389,-0.0127797266463991
2021-05-06,-0.0126962668605621,-0.0141171594164566,-0.00691406303539388
2021-05-07,0.00278653843136478,0.00293187464087019,-0.000616903165770566
2021-05-10,0.000585651554074751,0.000308118936345636,0.0009252120937564
2021-05-11,0.00336085652800833,0.00552996800946115,0.00874708254875145
2021-05-12,0.011170058839082,0.0121804185568717,0.00411680081315868
2021-05-13,-0.033294855119717,-0.0347995083626254,-0.0298068549152042
2021-05-14,0.0244561393152969,0.0239968167745408,0.0266063644899219
2021-05-17,0.0108562982729428,0.0136738684754967,0.013193003548043
2021-05-18,-0.0108562982729428,-0.0118398468701733,-0.0165569210932865
2021-05-19,-0.0302896761633908,-0.0330647117237914,-0.0296905309357669
2021-05-20,-0.023526925630823,-0.0226665729611133,-0.0228207461876231
2021-05-21,0.020221137496323,0.0261327809375995,0.0306787152716597
2021-05-24,0.0299503483569454,0.0381130754856773,0.0331028608596684
2021-05-25,0.00277149911194119,0.000302755073460226,-0.000605968811149715
2021-05-26,0.00319953734262679,0.00211672289496079,0.00257283532010533
2021-05-27,0.0085303777593202,0.00961979461119711,0.0105248302765171
2021-05-28,0.00244446163852796,-0.00795979272091252,-0.00344595441750695
2021-06-01,0.00886479925939998,0.0208900464378949,0.0202057089639229
2021-06-02,0.0155370357089897,0.0162581391453385,0.0111161010083123
2021-06-03,-0.000560773882632759,-0.000290613195883971,0.00261476035087949
2021-06-04,0.00810060295556791,0.011702799168904,0.00636300049964955
2021-06-07,-0.0055795932170204,-0.00561758769335885,-0.00216465919001152
2021-06-08,0.0101594360705519,0.011774978093082,0.0116338834602283
2021-06-09,0,-0.001285622632615,-0.00400630096595211
2021-06-10,0.00414537003733884,0.00470589103741315,0.00486270981075876
2021-06-11,0.00234143760989358,0.00878192612809059,0.0097963444050837
2021-06-14,0.00233596808387304,-0.000423161019079465,0.00577588419846453
2021-06-15,0.0153901573570421,0.0173430920382911,0.0179583026189425
2021-06-16,0.00539157526579093,0.000415886884763239,-0.0113779498579163
2021-06-17,-0.0177667926934442,-0.0155041865359653,-0.00840812128392709
2021-06-18,0.00586671987618992,0.00841047850859677,0.00617285910708087
2021-06-21,0.0187324391371781,0.0278063338244081,0.0277240016860345
2021-06-22,-0.00120232463886083,-0.011057378375706,-0.00586671987618992
2021-06-23,0.00506667750562251,0.00315219886859275,0.00273298885606899
2021-06-24,0.00490879924337317,0.00300587738279923,0.000682081739832974
2021-06-25,0.00817191841714937,0.0101799318212024,0.00909529109846208
2021-06-28,-0.0198866423769362,-0.0155147368954687,-0.0167613108451752
2021-06-29,0.00107066391383981,0.000959627189963008,0.00916496395324007
2021-06-30,0.00493696379370689,0.0066917286238839,0.000272294079286084
2021-07-01,0.0094059115656977,0.0236729279399439,0.0202135975386453
2021-07-02,0.0043418264379298,-0.000930913026865099,0.00306360545976947
2021-07-06,-0.0217659554910936,-0.0241040418193617,-0.018524019607975
2021-07-07,-0.0148691574300841,-0.0160750868271222,-0.0230241772663797
2021-07-08,0.00935282995364073,0.010197139481753,0.0151351265573973
2021-07-09,0.019109287301589,0.0219669849968014,0.0189373980703174
2021-07-12,-0.00517551417348372,-0.0061886380752938,-0.00604799908185072
2021-07-13,0.0175408387885101,0.0154003713269439,0.0137896287768662
2021-07-14,-0.0228770307464128,-0.028577224346126,-0.0307841238421691
2021-07-15,-0.0174058229551761,-0.0204455250086788,-0.0199424972173823
2021-07-16,0.00163198730632175,0.00223058784804575,-0.000559675402883819
2021-07-19,-0.0699251095082039,-0.0780255261736258,-0.0701431879507881
2021-07-20,0.0105821093305369,0.011675031580503,0.0106026528975169
2021-07-21,0.0406893253019147,0.0450985512875155,0.042175801417681
2021-07-22,0.0213677490075197,0.0226435382977836,0.0209970371541974
2021-07-23,0.00419231123176633,0.00222253182194709,0.0063942391896985
2021-07-26,0.00538359308347225,-0.00222253182194709,0.000277085066887395
2021-07-27,-0.000268492416702237,-0.00362218284022209,-0.0041643591552889
2021-07-28,0.00348479108852651,0.0102750140308689,0.0066546758822561
2021-07-29,0.0173755946479641,0.0168485596458252,0.0142683172446532
2021-07-30,0.00367502710507672,0.0044724612059337,0.0054340576592713
2021-08-02,-0.0461145904162574,-0.0370540289791181,-0.031936644003201
2021-08-03,-0.00660704399339185,-0.00987174847915462,-0.0177820096078305
2021-08-04,-0.0284352795072902,-0.0347522535559941,-0.0319737905918798
2021-08-05,0.0128469332360979,0.0136988443581618,0.0157529511945746
2021-08-06,-0.00831049222701008,-0.0117931045744637,-0.0185501558156362
2021-08-09,-0.0237595261273542,-0.0267157473790469,-0.014553271410036
2021-08-10,0.022768936645658,0.0268621924258055,0.0243824417202276
2021-08-11,0.0114029531474129,0.0139598020944494,0.012476587204107
2021-08-12,-0.00182136652803155,-0.0023131425667442,-0.00650902710316981
2021-08-13,-0.0101480786328318,-0.00945255347671115,-0.0128525210121477
2021-08-16,-0.015417864294986,-0.0169458118237653,-0.00826572971763539
2021-08-17,-0.00692943439701033,-0.0104572210776963,-0.0132788224924552
2021-08-18,-0.011656841888052,-0.0171151470494966,-0.032514502761682
2021-08-19,-0.0264345656680778,-0.0274117046897597,-0.00919654209856091
2021-08-20,-0.0192971117498386,-0.0246376604183736,-0.0255346519418191
2021-08-23,0.0533240631372651,0.0547953622569892,0.0515021079258524
2021-08-24,0.0329071179964284,0.0285347487355319,0.0315388807597108
2021-08-25,0.0167484724494322,0.0120678432899686,0.00516111150798881
2021-08-26,-0.0164670201537378,-0.013846148441476,-0.00309346935946309
2021-08-27,0.0226760777006696,0.0193895616157729,0.0130452564536796
2021-08-30,0.00971878158321626,0.00681408943208428,0.00653170186321539
2021-08-31,-0.00573772065914913,-0.010311615585592,-0.00886440448099268
2021-09-01,-0.0193670460554465,0.0013130062430502,-0.00424194302430791
2021-09-02,0.0199149162239243,0.0202056231902183,0.0227529560385609
2021-09-03,-0.00576766223986258,-0.0100517790621586,-0.00993600225543645
2021-09-07,-0.0127513855273751,-0.0136590324693309,-0.0104743465624688
2021-09-08,0.0126136539659694,0.0138033430258986,0.0146623807003019
2021-09-09,-0.0159670174548738,-0.0168804939630371,-0.0214122229083653
2021-09-10,0.0203650454345858,0.0229228084189996,0.0260132374952153
2021-09-13,0.00805850157553412,0.0104160176928696,0.013394329632229
2021-09-14,0.00122357434883469,0.000141934568402391,0.00169707295715682
2021-09-15,0.0249576888013339,0.0300574804790639,0.0260805522053449
2021-09-16,0.00277906617026602,0,-0.000964121002992258
2021-09-17,-0.00437057844253541,-0.00885328787244255,-0.00844120420771333
2021-09-20,-0.0190277749304668,-0.0236198243318988,-0.0207814274544083
2021-09-21,0.00593473551981472,0.00284131459796999,0.000425562103025356
2021-09-22,0.0243120576316755,0.0243846162769712,0.0209115752851057
2021-09-23,0.0138166952929364,0.0147051368298499,0.0170756007902542
2021-09-24,0.0108150918967285,0.00923417751170241,0.00964746935049909
2021-09-27,0.0182723012944601,0.0196753988095502,0.0196833026734025
2021-09-28,-0.00554786443771782,-0.00212286135182715,-0.0145578530930086
2021-09-29,-0.00570596869241502,-0.00612844976976401,0.00576834385015967
2021-09-30,-0.00152710643065035,0.00266915946537072,0.00480385231264524
2021-10-01,0.0096325206134722,0.011265111509176,0.00821958757364172
2021-10-04,0.0246680005378481,0.0226719808739464,0.0242610047155241
2021-10-05,0.0158714111736717,0.0167362577795513,0.0188925711132431
2021-10-06,-0.0180889801494537,-0.0191870813216788,-0.027434100978267
2021-10-07,0.0106729836060397,0.0111733005981254,0.0245214160848981
2021-10-08,0.00535476513766042,0.0133208439756602,0.00934114340871073
2021-10-11,0.0151773571053342,0.014637153799173,0.0112444962878842
2021-10-12,-0.00275333866403393,0.00148920355146753,0.000869295304664952
2021-10-13,-0.00288115445403392,-0.0024832394186074,0.000620462885202677
2021-10-14,0.00980986452854804,0.0107574453152948,0.0101210441835304
2021-10-15,0.0101860409308658,0.0118590545650106,0.014992053604546
2021-10-18,-0.00626516618762896,0.00194269123750157,-0.00448621546596417
2021-10-19,0.0088543167454862,0.00628780789901384,0.00871148884932182
2021-10-20,0.00866008923134221,0.00552952484752733,0.0148274867655269
2021-10-21,-0.0141996166269696,-0.0110897954281644,-0.0195367872638519
2021-10-22,0.010814728656281,0.0151572732216465,0.0163268932874283
2021-10-25,0.00536381883011483,0,-0.00322023058408227
2021-10-26,0.00475666538720532,0.0105695420168628,0.00868277830815511
2021-10-27,-0.0212898437656674,-0.023789299495558,-0.0284686813384996
2021-10-28,-0.00307874725129054,0.00181301796202238,0.0119906965609866
2021-10-29,0.000711321903140494,0.00913577696773604,0.00192446535218771
2021-11-01,0.0039032517472668,0.00572725584127998,0.00742251701793695
2021-11-02,0.000118042849691413,-0.00166706397264615,-0.0105516566514599
2021-11-03,-0.0327544126850645,-0.0370255316693537,-0.0349578736942462
2021-11-04,-0.0178433331847785,-0.0256793718470663,-0.00978432291311382
2021-11-05,0.0269492056099576,0.0307370523995552,0.0229293534591726
2021-11-08,0.00830479588071764,0.0080882793886099,0.0127312283909573
2021-11-09,0.0160517090105081,0.0267356964830912,0.0283026446300889
2021-11-10,-0.0255658411131083,-0.0339630201577359,-0.0394335772403656
2021-11-11,0.00277929004956778,0.00306880496163053,-0.0014771051430138
2021-11-12,-0.00848284291785451,-0.0098535099490924,-0.00605425955033656
2021-11-15,-0.00146145440699641,0.00111337922059906,0.00321702826322934
2021-11-16,0.00462063078903618,-0.00148478126757912,-0.00458120036044285
2021-11-17,-0.0264289243969982,-0.0301682003682968,-0.0295972740662123
2021-11-18,0.0118872127840461,0.00826083365830232,0.00814772171291089
2021-11-19,-0.0293532596051858,-0.0396308719309859,-0.0356212651306
2021-11-22,0.0102151086891711,0.0106098316636505,0.00498035105447503
2021-11-23,0.0322230211883836,0.0225452383210563,0.0259386114545883
2021-11-24,-0.00072921733907183,-0.00140225658773208,-0.00229562656610849
2021-11-26,-0.123146939776258,-0.139985210058089,-0.138798412847561
2021-11-29,0.00985229644301189,0.0260695429689486,0.027347432394647
2021-11-30,-0.0398636212994967,-0.0554023986180239,-0.044659398378375
2021-12-01,-0.024384455456131,-0.00926002821793848,-0.0194414984811893
2021-12-02,0.0115491394854201,0.0140836733862804,0.0249486940627923
2021-12-03,0.00300967622382853,-0.00361555079005882,-0.0172172828534682
2021-12-06,0.0447752462439501,0.0475964604544865,0.0559411895483262
2021-12-07,0.0317829068153959,0.0361774651192954,0.0239853484709167
2021-12-08,0.00502447176298659,0.00429333808156329,0.0127443198779487
2021-12-09,-0.0186373871697123,-0.0198192111816189,-0.0284816124880365
2021-12-10,0.00976139328050696,0.0102378006603523,0.0189386315540769
2021-12-13,-0.0101645919957329,-0.00531618487629082,-0.0116012203369085
2021-12-14,-0.00931872500795894,-0.00788625408163846,-0.0118796475576097
2021-12-15,0.00243935613574742,0.00197740177426553,0.0163683631880618
2021-12-16,0.0153125893227024,0.0210828053134318,0.00739039827500854
2021-12-17,-0.0201972666063099,-0.0212239186982703,-0.0237587614630703
2021-12-20,-0.0275803471821723,-0.032267802734526,-0.0234627531582685
2021-12-21,0.0338176555390488,0.0359302945028492,0.037308693484233
2021-12-22,0.017552537457723,0.0227977624442728,0.0243948341182394
2021-12-23,0.020508146122574,0.0140568674203534,0.00994626361632012
2021-12-27,0.0225162294505559,0.0238361579623536,0.0291269755553181
2021-12-28,0.00431637079954061,0.00541076872685053,0.00144746390164574
2021-12-29,0.00366694474244955,0.0076045993852194,0.0070755012161996
2021-12-30,0.00113528867444401,0.00560079614525932,-0.00169879165323472
2021-12-31,-0.0196059749239934,-0.0233913424516468,-0.0132975430544091
2022-01-03,0.0153103271309023,0.0115012173988234,0.00713156746783561
2022-01-04,0.0128319788153775,0.0118901250528234,0.0159272296390309
2022-01-05,0.00995033085316877,0.011108354990049,-0.000259067358961751
2022-01-06,0.0146203230810364,0.0204698521064453,0.0313721213942948
2022-01-07,-0.00293147883072375,-0.00707252253462354,-0.00895396612135624
2022-01-10,-0.0108228826696317,-0.00852802215483983,-0.00648156301012648
2022-01-11,0.0346349704700684,0.0375083165611629,0.0363084449541091
2022-01-12,0.0112834500763865,0.017332302553231,0.0174299006986587
2022-01-13,-0.00236490591478056,-0.00631223266065017,-0.0128908510113854
2022-01-14,0.0186482856710484,0.0204900503461927,0.0309719279183049
2022-01-18,0.0167083451372863,0.0190256846666017,0.0268118853139097
2022-01-19,0.0105712834415055,0.0177509156494269,-0.00451572584649629
2022-01-20,-0.000678656286651425,-0.0163472424747519,0.00139162726854103
2022-01-21,-0.0055596671260405,-0.00480403993819589,-0.0170644627005734
2022-01-24,-0.0186041194880664,-0.0217283704131885,-0.00888052725094735
2022-01-25,0.0221250499242585,0.0271166931608784,0.012880532584294
2022-01-26,0.0197581640783691,0.0202377534323697,0.0229815128130406
2022-01-27,-0.00691581116714168,-0.00850775423711259,0.00160513678122776
2022-01-28,0.00769363219641228,0.00242172752849434,0
2022-01-31,0.0130215920716816,0.015202898972432,0.0098040000966213
2022-02-01,-0.0227320316743986,0.000567054168866044,0.00237946970803726
2022-02-02,0.00347086504183647,0.000680040828656026,-0.00385531716897169
2022-02-03,0.0181641941662622,0.0225181754686616,0.0241327161288707
2022-02-04,0.023430945013005,0.0223472986919973,0.0192218560286843
2022-02-07,-0.00623792085103059,-0.0107826563404654,-0.00315990456337811
2022-02-08,-0.0208215948594219,-0.0216966669006498,-0.020396495623336
2022-02-09,0.00844627409220067,0.00335158396634849,0.00278071476659925
2022-02-10,-0.00153038945479267,0.00245070858983443,0.00011106791814619
2022-02-11,0.0326098305515847,0.035198736965893,0.0419763701756857
2022-02-14,0.0213710207615634,0.0250331272947291,0.009328030325225
2022-02-15,-0.0337300103766935,-0.0361581542779961,-0.0286834732781811
2022-02-16,0.0162691663276862,0.0171220464556416,-0.0162000040222692
2022-02-17,-0.0195980284621013,-0.0204947309342804,0.0116293137274379
2022-02-18,0.00611229182997342,-0.00754803124138803,-0.000218173885452089
2022-02-22,0.0346709797721179,0.00918139579029109,0.00663298250948685
2022-02-23,0,0.00206510589124242,-0.000325185629661107
2022-02-24,0.0228674725513009,0.00767944934604081,0.00820561719245294
2022-02-25,-0.0116746668884558,-0.0132322971924053,-0.0114633027751747
2022-02-28,0.0307685643057622,0.0441051676252764,0.0413352410768946
2022-03-01,0.0386530930092412,0.077274406156711,0.104170076621216
2022-03-02,0.0730935626878724,0.0672184198913506,0.0464858194169917
2022-03-03,-0.0221146932625373,-0.0268490952606086,-0.0305332445402886
2022-03-04,0.0669629291507139,0.0717567645828288,0.062338045410355
2022-03-07,0.0422738230128212,0.0316514425480472,0.0452227318382796
2022-03-08,0.0379837850747373,0.0353800784399407,0.0363171822214001
2022-03-09,-0.141083333859539,-0.129267485271279,-0.130273558087275
2022-03-10,-0.0164198364053814,-0.0249640385675036,-0.0341754867547808
2022-03-11,0.0300923607296806,0.0307430758867335,0.0301502320287907
2022-03-14,-0.052569374145075,-0.0595447605507919,-0.0668083363360541
2022-03-15,-0.0676240372860724,-0.0659050175826312,-0.0695950575806465
2022-03-16,-0.0190982412635252,-0.0146231976986355,0.00188936762407543
2022-03-17,0.0842871363890518,0.0802369390036608,0.0830711580696022
2022-03-18,0.0120241929668019,0.0165643232584953,0.0141819164962635
2022-03-21,0.0688260828170746,0.0684706084200961,0.0689294378226846
2022-03-22,-0.00121159685959604,-0.0257478427139333,-0.011612457424091
2022-03-23,0.0516396147373328,0.0505013637980136,0.0270346621872912
2022-03-24,-0.0213614073522788,-0.022793260276381,-0.0273042402991814
2022-03-25,0.0135182298912531,0.0137908833488503,0.0118820355359812
2022-03-28,-0.0701183640086862,-0.0722592060492682,-0.0843667260255083
2022-03-29,-0.0202063360871305,-0.0163657315872792,0.0160080101815989
2022-03-30,0.0287931192506266,0.0337672372069333,0.0216356854389943
2022-03-31,-0.0500646648502086,-0.0724968967334298,-0.0600199284473097
2022-04-01,-0.0331636609554353,-0.0101228626884629,-0.0177454561868391
2022-04-04,0.0296359929822279,0.0396003359367567,0.0416665382152628
2022-04-05,-0.00831120253198137,-0.0128631670304724,-0.0221440058375855
2022-04-06,-0.0536453297838824,-0.0578394201396053,-0.0444741807277484
2022-04-07,-0.00485991534275243,-0.00208051671842746,0.00164863509778446
2022-04-08,0.0216373508202645,0.0229563840906204,0.00789626212222494
2022-04-11,-0.042737299687885,-0.0412418872629159,-0.0281767138435001
2022-04-12,0.0606724058326904,0.0647771181880525,0.0591526417378052
2022-04-13,0.0388016062859258,0.035639603013272,0.0309096902762116
2022-04-14,0.0264892120803406,0.025569574849504,0.022688333781872
2022-04-18,0.0129860403582116,0.0117123480551422,0.00980720511696465
2022-04-19,-0.0536401886252404,-0.0536257904111972,-0.047197418948195
2022-04-20,-0.00420463128203163,-0.00361416754824173,-0.000682294485263135
2022-04-21,0.0142241974313819,0.0155358013530797,0.0142313259104441
2022-04-22,-0.0156296790401171,-0.0167107745617905,-0.0221604947600991
2022-04-25,-0.041447287646772,-0.0351962952995901,-0.0312447435267247
2022-04-26,0.0257599502562629,0.031564745938697,0.0308515458415251
2022-04-27,0.00313822710125855,0.00314156944026678,0.00372915054341938
2022-04-28,0.021324371977709,0.0322141849402451,0.0300085231226852
2022-04-29,0.0161345868610354,-0.00637945510376259,-0.0104152678169482
2022-05-02,-0.0162275366217566,0.00457448620067336,0.00936909339084391
2022-05-03,-0.0245601617973898,-0.0265937244445906,-0.0149557000994838
2022-05-04,0.0480776887866288,0.0513860544636806,0.0380944299357173
2022-05-05,0.00687661052198596,0.00416532281780491,0.00980762857820583
2022-05-06,0.0133460711738547,0.0138515263303933,0.0182470166222179
2022-05-09,-0.0591020694137958,-0.0627848745909318,-0.0776121888068637
2022-05-10,-0.033400417605324,-0.0328350917365121,-0.028944433115317
2022-05-11,0.0481113879860802,0.0579321944087905,0.0601097908264414
2022-05-12,-0.000558243408616654,0.00396526199315961,0.00980122821166507
2022-05-13,0.0374472977900213,0.040260261351353,0.0325689563903113
2022-05-16,0.0238285777127327,0.033026278096826,0.0332992158658598
2022-05-17,-0.020427822690098,-0.0158873597623188,-0.00202153441728381
2022-05-18,-0.0255171282341689,-0.0253178079842904,-0.0397557850135239
2022-05-19,0.0264994027249008,0.0236259862014743,0.0219132274307148
2022-05-20,0.00454161696083322,-0.0173495295211792,0.00936044275956416
2022-05-23,0.0077001752331407,9.06741624593366e-05,-0.0188997519584619
2022-05-24,0.00123358901888881,-0.00472599261883033,-0.00298845592573116
2022-05-25,0.00413024006449625,0.00508860707298986,0.00434389823328374
2022-05-26,0.0291253357247294,0.033511735836063,0.0312914419014954
2022-05-27,0.0171435182863391,0.00855302822708914,0.00706408553905025
2022-05-31,0.0281522698922867,-0.00348220078515382,0.00164980717315366
2022-06-01,-0.0547956242676699,0.00513200795830748,-0.00408607393111549
2022-06-02,0.0112869945579934,0.0138717599365448,0.0237594029086736
2022-06-03,0.0177816171215524,0.0169682530474677,0.0227922906253442
2022-06-06,-0.00175563310570848,-0.00311749841734699,-0.00717686465292111
2022-06-07,0.00883044725043014,0.00764998897010738,0.00309403600091329
2022-06-08,0.0246582225036143,0.022359328299637,0.0218028291280064
2022-06-09,-0.00413542044858861,-0.00492571392441032,-0.00828518746202356
2022-06-10,-0.00865029059700273,-0.00693701683501047,-0.00769011934663677
2022-06-13,0.00212870556885658,0.00215231871167454,0.00513331148751384
2022-06-14,-0.00903719591266761,-0.0166767810580302,-0.0168225153031916
2022-06-15,-0.0221971730430743,-0.0309109309561295,-0.0275879565188291
2022-06-16,0.0109098094514506,0.0195798440522994,0.0105630249188202
2022-06-17,-0.0574579525035448,-0.070731653440447,-0.0578521147620377
2022-06-20,0.00888894741724577,0.109268532055032,0.11011026046231
2022-06-21,0.00454585973840516,-0.109633695469716,-0.10920552865356
2022-06-22,-0.0257092652729112,-0.0308772385644387,-0.0584678789030599
2022-06-23,-0.0152399360585322,-0.0182462536142527,-0.00259204292392301
2022-06-24,0.0275143941757925,0.0316228152597722,0.0287101058824319
2022-06-27,0.0172652288321364,0.0179571103560283,0.0253621746443864
2022-06-28,0.0248006875945297,0.0197901005314041,0.0183176788758779
2022-06-29,-0.0146860563017244,-0.0178753518269632,-0.0199582187990517
2022-06-30,-0.012550474167484,-0.0373059870183665,-0.0335776304014423
2022-07-01,-0.0280887570790798,0.0249324273807137,0.0228480121279082
2022-07-05,-0.0826963493896589,-0.0859471593195433,-0.0857214109027087
2022-07-06,-0.0204469917094583,-0.00979657383016352,-0.0143669002918037
2022-07-07,0.0385749589644853,0.0417431168937892,0.040247081505882
2022-07-08,0.02239428399115,0.0198541602586779,0.0255135601626577
2022-07-11,0.00074724457054387,-0.00670243795947378,-0.0128687073115721
2022-07-12,-0.0737058408524343,-0.0825757751602376,-0.0785939219852452
2022-07-13,0.000803777798724425,0.00478818443694085,0.00791505902637546
2022-07-14,-0.00473147306405064,-0.00541442388961677,0.000725877565962207
2022-07-15,0.020573980465822,0.0187211342389064,0.0113379899373971
2022-07-18,0.0492796035828391,0.0500629035832993,0.0452847080610654
2022-07-19,0.0101114989401863,0.0156661167443994,0.0170927731411972
2022-07-20,-0.00401363305407187,-0.0425345840694957,-0.0120121564480042
2022-07-21,-0.0290370528545454,-0.0359820705511975,-0.0605637134287216
2022-07-22,-0.00637498536871028,-0.0172733946683428,-0.0155478688940427
2022-07-25,0.0187190491012466,0.020899402267216,0.0142009278003847
2022-07-26,-0.00715822670017019,-0.0179470593382725,-0.00947973138992175
2022-07-27,0.021041435946076,0.0237214618546639,0.0266462114284725
2022-07-28,0.00486527905819933,-0.00867415599816379,-0.00839223019832946
2022-07-29,0.0264348802985301,0.022560431818504,0.0102250379611615
2022-08-01,-0.095101129754255,-0.0491501965255239,-0.0439848411692605
2022-08-02,0.0050855172673403,0.00562903084768429,-0.00234142295134188
2022-08-03,-0.0381152968992566,-0.040636669605437,-0.0317177640481754
2022-08-04,-0.0278697975060114,-0.0236618182087085,-0.0349184983432718
2022-08-05,0.00846386770840191,0.00529429566684492,0.00827997698188643
2022-08-08,0.0180617740867763,0.0194699369408013,0.0218978697400845
2022-08-09,-0.00352405008156698,-0.00286880920576049,0.00055239464477097
2022-08-10,0.0112540550757165,0.0156775671697824,0.0113119651118279
2022-08-11,0.0223359539420631,0.0258778599804526,0.0260846865125695
2022-08-12,-0.0146652438680821,-0.0241389181228397,-0.0227050158113125
2022-08-15,-0.0315679511711258,-0.0295338269860492,-0.0448525631877912
2022-08-16,-0.0294515524725014,-0.0327413581285789,-0.00822955838991124
2022-08-17,0.0140870118112542,0.0180948592599908,0.00183465250406289
2022-08-18,0.0309107873011074,0.0267638168272422,0.0347870952358758
2022-08-19,0.0013449901153324,0.00297898383265505,-0.0052138339864527
2022-08-22,-0.00248447332766144,-0.00452714293873324,0.00841737166128365
2022-08-23,0.0380320365527034,0.0367233008947574,0.0336184337735688
2022-08-24,0.00992859625435294,0.0121933334911075,0.0169190881592876
2022-08-25,-0.0187480561067277,-0.0252934886224292,-0.0249495397948705
2022-08-26,0.0164731923592614,0.00581960905326451,-0.000537663328183946
2022-08-29,0.0397956238390398,0.0415696195566895,0.0418153699494628
2022-08-30,-0.0565708549622377,-0.0569462083878971,-0.0493731688267651
2022-08-31,-0.0288068948829752,-0.0230707290785741,-0.0377695069898039
2022-09-01,-0.0437453915459978,-0.0333818461637678,-0.0283091613084663
2022-09-02,0.00712053930965606,0.00299746592887562,0.0101371677903419
2022-09-06,-0.00204466038410978,0.000115107913796209,-0.00332931826958216
2022-09-07,-0.0534330489336341,-0.0585405840668995,-0.0628839569215245
2022-09-08,0.0129835298309429,0.0193382869503038,0.013018007310662
2022-09-09,0.0405572370970866,0.0381658485871244,0.039927118231593
2022-09-12,0.0124172008637675,0.0113422766039344,0.0222818452245761
2022-09-13,-0.00886900080767017,-0.00536868043737204,-0.00455374193099534
2022-09-14,0.00993226512900058,0.0133115339513088,0.01517411065063
2022-09-15,-0.0352583293539768,-0.0389495021946962,-0.0444670878890259
2022-09-16,0.00559856558665839,0.000117501909540962,0.00340156330565478
2022-09-19,0.00709029422502461,0.00725828520179483,-0.000820008246030568
2022-09-20,-0.0151136378100487,-0.0211005647852192,-0.0134499431989212
2022-09-21,-0.00875594399787616,-0.0119848030872101,-0.0136333132902688
2022-09-22,0.00698876880858101,0.00660940938767407,0.00540379579750638
2022-09-23,-0.0488178010757583,-0.0585755786903182,-0.049970501211769
2022-09-26,-0.0245591333969672,-0.0261192075443866,-0.0396790833279574
2022-09-27,0.025951083511516,0.0230665468171587,0.0209988273222761
2022-09-28,0.0347435138834697,0.0454482196949142,0.0490588861537287
2022-09-29,-0.009335875692698,-0.0112622074204145,-0.00330295731193697
2022-09-30,-0.00600738559269853,-0.0216534094778416,-0.0231804615279421
2022-10-03,0.0101799318212024,0.0507710798084133,0.0441572840410984
2022-10-04,0.0325502001186821,0.0339732936914237,0.0357117672978866
2022-10-05,0.0169577968693897,0.014230214882117,0.0190372721806202
2022-10-06,0.0111828206223059,0.00783160463881938,0.0105091650294575
2022-10-07,0.0363979036458755,0.0462835932188908,0.0465608911892739
2022-10-10,-0.017825416599492,-0.0164339553166499,-0.0258681960217411
2022-10-11,-0.0199502626869377,-0.0197258169025982,-0.0248605412458636
2022-10-12,-0.0197071816444527,-0.0235544804302172,-0.0169621005654843
2022-10-13,0.0226723431942872,0.0208648004494085,0.0241604220536029
2022-10-14,-0.0315815720502988,-0.0400694628702345,-0.0421163055738578
2022-10-17,-0.000109140518525841,-0.00175366853851511,0.00140170563775044
2022-10-18,-0.0175066403382109,-0.0313788520984577,-0.0233832099311702
2022-10-19,0.0260922497795635,0.0324314222207809,0.0257150286396106
2022-10-20,-0.000324692897489598,-0.012231129781811,-0.00186501977360187
2022-10-21,0.0120509312921824,0.00636944828547925,-0.00667254451078492
2022-10-24,-0.00257014491446661,-0.00554148679752764,-0.0029406596501298
2022-10-25,0.00278402578363846,0.00871106155880685,0.000588824135248522
2022-10-26,0.0229384826273584,0.0299046702599375,0.0383418789562766
2022-10-27,0.0131847225298323,0.0132212785260801,0.00384485376963362
2022-10-28,-0.0123490387874758,-0.0133350376980355,-0.0024861579084412
2022-10-31,-0.0098636686378919,-0.015708630072484,-0.0248595194807608
2022-11-01,-0.00189993724030391,0.0210413709112656,0.0270070195996581
2022-11-02,0.015827593131565,0.0182771248003517,0.00876804178394597
2022-11-03,-0.0156163106460978,-0.0205429012313294,-0.0157927704218697
2022-11-04,0.0403697955365478,0.0491303580832421,0.051520670468566
2022-11-07,-0.00661613691333152,-0.0088937679511778,-0.00791460736875838
2022-11-08,-0.0264916154469761,-0.0318787370979523,-0.0354529208914593
2022-11-09,-0.0288302505856706,-0.0352560264029194,-0.0347691496704341
2022-11-10,0.01094901448967,0.00742893724221094,0.00663371650035138
2022-11-11,0.0244660521544064,0.0283892975299329,0.0302759172859295
2022-11-14,-0.0301402818212146,-0.0353523058178791,-0.0419432996678983
2022-11-15,0.00770057281204028,0.0121536307038363,0.0187182120315832
2022-11-16,-0.0107113277744952,-0.0154197014947108,-0.0174281162682979
2022-11-17,-0.0337307492379901,-0.0472491159518746,-0.0389582065891094
2022-11-18,-0.0243529509680336,-0.0192932029346791,-0.0240499967870145
2022-11-21,-0.00194208092114145,-0.000499625291432437,-0.00462934827381645
2022-11-22,0.0103521770873058,0.0113051704081117,0.016911619168158
2022-11-23,-0.0339561885938613,-0.0378923802130808,-0.04605039425849
2022-11-25,-0.0210608825646208,-0.0215285191783448,-0.0116884447591845
2022-11-28,-0.00527515909763832,0.012506676828095,-0.000130642106136669
2022-11-29,-0.00192516002185705,0.0123521899909518,0.0304944825353877
2022-11-30,0.0284953388895879,0.0296084620717183,0.0198249905726984
2022-12-01,0.0168305290220978,0.0082834126351683,0.011365162480244
2022-12-02,-0.0151931017556617,-0.0153849188394792,-0.0132304866547504
2022-12-05,-0.0343570196163956,-0.038880685947829,-0.0376685203697722
2022-12-06,-0.0411092878411496,-0.0354581397880347,-0.0384713494313456
2022-12-07,-0.0278576665029062,-0.0306327794220334,-0.027921459738347
2022-12-08,-0.0133057011283411,-0.00766714566551219,-0.00846110880327888
2022-12-09,-0.000656814473530609,-0.00617632508032173,-0.0027897911802981
2022-12-12,0.0245323484747662,0.0298239733809966,0.0236052094845114
2022-12-13,0.033910099743605,0.0298891393276719,0.0262552947363801
2022-12-14,0.0247288889436339,0.0247605496806527,0.0284292415205165
2022-12-15,-0.0181812097353262,-0.0152555276249631,-0.0136551962492089
2022-12-16,-0.0270843388547064,-0.0242033091155847,-0.0247908235147793
2022-12-19,0.00956945101615059,0.0120418902262207,0.0155826553209168
2022-12-20,0.00237812240496726,0.0137368426102462,0.00461468285467159
2022-12-21,0.0272536752014041,0.0266647949196406,0.0310825333030831
2022-12-22,-0.0149530914581195,-0.010270985143964,-0.0022979711376232
2022-12-23,0.0356617534840264,0.0263625582099127,0.0140874212458559
2022-12-27,0.00487370949850874,-0.000377145016727809,0.00653186595687938
2022-12-28,-0.0127694318197209,-0.00719291384381737,-0.0127261844798161
2022-12-29,-0.0120832789645515,-0.00711746776886368,-0.00190391629512288
2022-12-30,0.0434152738476872,0.0234474374824085,0.0226111881575308
2023-01-03,-0.0453622201915822,-0.0423754473679274,-0.0418524179911648
2023-01-04,-0.0532825785806335,-0.0546306626114363,-0.0530603746286342
2023-01-05,0.010860644669143,0.0113304058353147,0.00965009187691823
2023-01-06,-0.00152613535916224,0.00135648420148904,-0.00270892756744967
2023-01-09,0.0136520891683274,0.0115904262470847,0.0153435042410353
2023-01-10,0.00563381771825622,0.00654426375671147,-0.00213932425488395
2023-01-11,0.0315809251902701,0.0300291363166147,0.0393699972334405
2023-01-12,0.0163170986755432,0.012580396984009,0.00705266756111556
2023-01-13,0.014766082477407,0.0185787334344445,0.0228646353022759
2023-01-17,0.00747667034302069,0.00399900557928579,0.0120416078558856
2023-01-18,-0.0110006960738893,-0.00876868953074528,-0.0237244239831496
2023-01-19,0.0137900981614676,0.0106377325021052,0.0180320438059232
2023-01-20,0.0169173722196261,0.0161761877559226,0.0101247932452937
2023-01-23,0.00637017283233021,-0.000245007963984634,0.00269905696916428
2023-01-24,-0.0236357950990067,-0.0184240141876799,-0.0168029651388881
2023-01-25,-0.000116110304920092,0.000249563265582786,0.00224020006568004
2023-01-26,0.0155542049356008,0.0106727247868381,0.00817139621691609
2023-01-27,-0.00930346112000002,-0.0165539905660577,-0.0214365137664476
2023-01-30,-0.0205183229944614,-0.0225926603996403,-0.0199764897260808
2023-01-31,-0.00484090915254853,0.0123749745331976,0.0155575695880454
2023-02-01,-0.0197221476373697,-0.0316873497504249,-0.0299258188436742
2023-02-02,-0.00812076458428734,-0.00696043259266155,-0.00916836808687904
2023-02-03,-0.0275139186599187,-0.0333654585098424,-0.0371281672133525
2023-02-06,0.0130493369777209,0.00976278940629616,0.0166568953715922
2023-02-07,0.0327938057838839,0.0400714768168147,0.0411764844612872
2023-02-08,0.0165900238166836,0.0170944333592997,0.0114052623512499
2023-02-09,-0.00695798549833793,-0.00523862438691225,-0.010503490953587
2023-02-10,0.0221203940076649,0.0210427335921244,0.0266818013500618
2023-02-13,0.00254335397216021,0.00525460986340498,-0.00755100491921734
2023-02-14,-0.0119636713542821,-0.0135680473394588,-0.00405063844984621
2023-02-15,-0.00233972965885521,-0.00596259299045609,-0.00432185749615588
